nsbpid,nsbsid,nsinconset,nsgpslat,nsgpslong,nsmalename,nsfemalename,nseggs,nschicks,nsfledglings,nsoffspring,nschickid1,nschickid2,nschickid3,nspredationtype,nsnestnomale,nsnestnofemale,m_bicohort,m_biageclass,f_bicohort,f_biageclass,m_bibandcombo,f_bibandcombo
AceGam,2018/2019,5,-41.29875599,174.745574,Ace,Gamble,2,0,0,0,,,,None,1,1,2017/2018,P,2016/2017,P,BG-PGM,RM-YG
AceGam,2018/2019,54,-41.29888197,174.745274,Ace,Gamble,3,2,2,1,BP17589,BP17590,,None,3,3,2017/2018,P,2016/2017,P,BG-PGM,RM-YG
AceGam,2019/2020,9,-41.29882498,174.745346,Ace,Gamble,2,2,1,1,BP19347,BP19348,,None,1,1,2017/2018,P,2016/2017,P,BG-PGM,RM-YG
AceGam,2019/2020,67,-41.29885197,174.745275,Ace,Gamble,3,2,0,0,,,,C,2,2,2017/2018,P,2016/2017,P,BG-PGM,RM-YG
AceGam,2020/2021,15,-41.29850797,174.745437,Ace,Gamble,2,2,2,2,BP19484,BP19485,,None,1,1,2017/2018,P,2016/2017,P,BG-PGM,RM-YG
AceGam,2020/2021,88,-41.29881098,174.745175,Ace,Gamble,2,0,0,0,NA,,,E,2,2,2017/2018,P,2016/2017,P,BG-PGM,RM-YG
AlbVic,2022/2023,-2,-41.29834,174.74753,Albert,Victoria,2,2,2,0,BP22888,BP22889,,None,1,1,2020/2021,FL,2019/2020,P,PM-OR,SM-KB
AlfAnn,2022/2023,32,-41.30156,174.74681,Alfie,Annie,2,0,0,0,,,,None,1,1,2021/2022,P,2020/2021,FL,GM-WR,BR-PM
AlfAnn,2022/2023,62,-41.3014,174.74615,Alfie,Annie,2,1,1,1,BP23455,,,None,2,2,2021/2022,P,2020/2021,FL,GM-WR,BR-PM
AnoInn,2018/2019,8,-41.29805703,174.744864,Anon,Innamed,2,2,1,1,BP17516,BP17517,,None,1,1,2017/2018,A,2015/2016,A,YB-PGM,PBM-GY
AnoInn,2018/2019,52,-41.29810598,174.74545,Anon,Innamed,3,3,3,3,BP17576,BP17578,BP17577,None,2,2,2017/2018,A,2015/2016,A,YB-PGM,PBM-GY
AnoOri,2019/2020,37,-41.29821997,174.745607,Anon,Orio,3,1,1,1,BP19371,,,None,1,2,2017/2018,A,2018/2019,P,YB-PGM,OR-OM
AnoOri,2020/2021,89,-41.29816004,174.745563,Anon,Orio,2,1,1,1,BP22773,,,None,1,2,2017/2018,A,2018/2019,P,YB-PGM,OR-OM
ArtCat,2020/2021,69,-41.30118599,174.746995,Arthur,Cat,2,2,2,1,BP22763,,,None,1,2,2018/2019,P,2012/2013,A,RW-BM,RW-YM
ArtGui,2021/2022,36,-41.30159,174.74687,Arthur,Guinevere,2,2,0,0,NA,,,C,2,1,2018/2019,P,2020/2021,P,RW-BM,OO-PM
ArtGui,2021/2022,67,-41.30121,174.74652,Arthur,Guinevere,2,2,2,2,BP22841,BP22842,,None,3,2,2018/2019,P,2020/2021,P,RW-BM,OO-PM
BowQue,2014/2015,21,-41.30095004,174.745617,Bowie,Queen,2,2,0,0,,,,None,1,1,2012/2013,A+,2012/2013,A+,FPFP-YM,YM-RFP
BowQue,2014/2015,58,-41.30082599,174.745511,Bowie,Queen,2,2,1,1,BP10173,,,None,2,2,2012/2013,A+,2012/2013,A+,FPFP-YM,YM-RFP
BraBil,2022/2023,-1,-41.2967,174.7475,Brad,Billie Jean,2,2,2,0,.UB-UB,,,None,1,1,2020/2021,FL,2017/2018,P,WG-PM,PGM-BR
BraBil,2022/2023,46,0,0,Brad,Billie Jean,2,2,2,2,BP24539,BP24540,,None,2,2,2020/2021,FL,2017/2018,P,WG-PM,PGM-BR
BraBil,2022/2023,92,-41.29688,174.74733,Brad,Billie Jean,2,0,0,0,,,,E,3,3,2020/2021,FL,2017/2018,P,WG-PM,PGM-BR
BruCer,2015/2016,44,-41.29810103,174.74604,Bruiser,Cersei,2,2,2,2,BP10180,BP10181,,None,2,2,2013/2014,J,2014/2015,P,BG-YM,GM-YR
BruCer,2016/2017,6,-41.29811704,174.746158,Bruiser,Cersei,2,0,0,0,,,,None,1,1,2013/2014,J,2014/2015,P,BG-YM,GM-YR
BruCer,2016/2017,36,-41.29788,174.746378,Bruiser,Cersei,3,2,1,1,BP13855,,,None,2,2,2013/2014,J,2014/2015,P,BG-YM,GM-YR
BruCer,2017/2018,13,-41.29794404,174.745736,Bruiser,Cersei,2,2,0,0,,,,None,1,1,2013/2014,J,2014/2015,P,BG-YM,GM-YR
BruCer,2017/2018,48,-41.29809097,174.746251,Bruiser,Cersei,3,2,2,2,BP17402,BP17403,,None,2,2,2013/2014,J,2014/2015,P,BG-YM,GM-YR
BudGeo,2016/2017,0,-41.295982,174.747323,Buddy,Georgie,2,0,0,0,,,,None,1,1,2013/2014,J,2015/2016,FL,BFP-YM,BW-PBM
BudGeo,2016/2017,78,-41.295982,174.747323,Buddy,Georgie,2,1,0,0,,,,None,2,2,2013/2014,J,2015/2016,FL,BFP-YM,BW-PBM
BudGeo,2017/2018,18,-41.29616599,174.747204,Buddy,Georgie,2,2,2,2,BP17412,,,None,1,1,2013/2014,J,2015/2016,FL,BFP-YM,BW-PBM
BudGeo,2017/2018,76,-41.29619298,174.747095,Buddy,Georgie,2,1,1,1,BP17439,,,None,2,2,2013/2014,J,2015/2016,FL,BFP-YM,BW-PBM
BudHol,2018/2019,-1,-41.29638199,174.746849,Buddy,Holly,2,2,0,0,,,,C,1,1,2013/2014,J,2016/2017,A,BFP-YM,KM-YY
BudHol,2018/2019,40,-41.296039,174.747136,Buddy,Holly,2,2,2,1,BP17555,BP17556,,None,2,2,2013/2014,J,2016/2017,A,BFP-YM,KM-YY
BulChe,2019/2020,12,-41.30052399,174.746509,Buller,Chelsea,2,2,0,0,,,,C,1,1,2015/2016,A,2017/2018,P,FPFP-PBM,GG-PGM
BulChe,2019/2020,52,-41.30089204,174.74687,Buller,Chelsea,3,2,1,1,BP19410,BP19411,,None,2,2,2015/2016,A,2017/2018,P,FPFP-PBM,GG-PGM
BulChe,2020/2021,28,-41.30065701,174.746702,Buller,Chelsea,2,2,2,2,BP22710,BP22711,,None,1,1,2015/2016,A,2017/2018,P,FPFP-PBM,GG-PGM
BulChe,2020/2021,93,-41.30076203,174.746813,Buller,Chelsea,2,2,2,1,BP19417,BP19418,,None,2,2,2015/2016,A,2017/2018,P,FPFP-PBM,GG-PGM
BulChe,2021/2022,6,-41.30058,174.74672,Buller,Chelsea,2,2,2,2,BP19423,BP19424,,None,1,1,2015/2016,A,2017/2018,P,FPFP-PBM,GG-PGM
BulChe,2021/2022,78,-41.30068,174.74652,Buller,Chelsea,3,2,2,2,BP22858,BP22857,,None,2,2,2015/2016,A,2017/2018,P,FPFP-PBM,GG-PGM
BulChe,2022/2023,10,-41.30069,174.7466,Buller,Chelsea,2,2,1,0,,,,None,1,1,2015/2016,A,2017/2018,P,FPFP-PBM,GG-PGM
BulChe,2022/2023,58,-41.30062,174.7464,Buller,Chelsea,3,0,0,0,,,,None,2,2,2015/2016,A,2017/2018,P,FPFP-PBM,GG-PGM
BulChe,2022/2023,76,-41.3005,174.7466,Buller,Chelsea,3,0,0,0,,,,E,3,3,2015/2016,A,2017/2018,P,FPFP-PBM,GG-PGM
BulHui,2016/2017,29,-41.30049298,174.746472,Buller,Huia,3,3,2,1,BP13845,BP13846,,None,1,1,2015/2016,A,2015/2016,P,FPFP-PBM,PBM-RFP
BumBee,2014/2015,25,-41.29998403,174.745638,Bumble,Bee,2,2,2,1,BP10151,BP10150,,None,1,1,2006/2007,A,2012/2013,A,OM-YK,PBW-YM
BumBee,2015/2016,40,-41.29995704,174.745427,Bumble,Bee,4,1,1,1,BP10145,,,None,1,1,2006/2007,A,2012/2013,A,OM-YK,PBW-YM
BumBee,2015/2016,92,-41.299994,174.745154,Bumble,Bee,2,1,1,0,BP13809,,,None,2,2,2006/2007,A,2012/2013,A,OM-YK,PBW-YM
BumBee,2016/2017,13,-41.29991697,174.74548,Bumble,Bee,2,1,0,0,,,,C,1,1,2006/2007,A,2012/2013,A,OM-YK,PBW-YM
BumBee,2016/2017,48,-41.29988696,174.745817,Bumble,Bee,3,3,3,2,BP13858,BP13859,BP13860,None,2,2,2006/2007,A,2012/2013,A,OM-YK,PBW-YM
CapFlo,2022/2023,29,-41.30123,174.74629,Captain,Florence,2,2,0,0,,,,None,1,1,2021/2022,P,2015/2016,A,GM-RR,PBM-PBB
CapFlo,2022/2023,63,-41.30114,174.74637,Captain,Florence,3,2,0,0,,,,None,2,2,2021/2022,P,2015/2016,A,GM-RR,PBM-PBB
CapFlo,2022/2023,97,-41.30128,174.74646,Captain,Florence,2,0,0,0,,,,None,3,3,2021/2022,P,2015/2016,A,GM-RR,PBM-PBB
ChaAng,2021/2022,19,-41.29724,174.74518,Charlie,Angel,2,0,0,0,NA,,,None,1,1,2019/2020,P,2020/2021,A,SM-BG,PM-WW
ChaAng,2021/2022,31,-41.29744,174.74489,Charlie,Angel,2,2,2,1,BP22795,BP22796,,None,2,2,2019/2020,P,2020/2021,A,SM-BG,PM-WW
ChaAng,2022/2023,14,-41.29737,174.74487,Charlie,Angel,2,2,2,2,BP24513,BP24515,,None,1,1,2019/2020,P,2020/2021,A,SM-BG,PM-WW
ChaAng,2022/2023,65,-41.29729,174.74512,Charlie,Angel,2,2,2,2,BP24558,BP24557,,None,2,2,2019/2020,P,2020/2021,A,SM-BG,PM-WW
ChaApp,2018/2019,14,-41.29845802,174.746229,Champ,Apple,2,1,1,1,BP17537,,,None,1,1,2010/2011,A+,2016/2017,FL,KM-RY,RM-OW
ChaApp,2018/2019,60,-41.29840303,174.745909,Champ,Apple,3,3,3,2,BP19301,BP19302,BP19303,None,2,2,2010/2011,A+,2016/2017,FL,KM-RY,RM-OW
ChaApp,2019/2020,27,-41.29817404,174.746332,Champ,Apple,3,2,2,2,BP19367,BP19368,,None,2,2,2010/2011,A+,2016/2017,FL,KM-RY,RM-OW
ChaLad,2014/2015,0,-41.29856204,174.746116,Champ,Lady,2,0,0,0,,,,None,1,1,2010/2011,A+,2013/2014,A,KM-RY,RK-YM
ChaLad,2014/2015,52,-41.298513,174.745915,Champ,Lady,2,2,2,2,BP10171,BP10172,,None,2,2,2010/2011,A+,2013/2014,A,KM-RY,RK-YM
ChaLad,2015/2016,23,-41.29834604,174.746116,Champ,Lady,2,0,0,0,,,,E,1,1,2010/2011,A+,2013/2014,A,KM-RY,RK-YM
ChaLad,2015/2016,52,-41.29838099,174.745908,Champ,Lady,2,2,2,1,BP10186,BP10187,,None,2,2,2010/2011,A+,2013/2014,A,KM-RY,RK-YM
ChaLad,2016/2017,26,-41.29873998,174.745807,Pie,Lady,2,2,2,2,BP13841,BP13843,,,1,1,2015/2016,A,2013/2014,A,PBM-WB,RK-YM
ChaMay,2020/2021,44,-41.301388,174.745074,Chaos,Mayhem,2,2,2,1,BP22725,BP22726,,None,1,1,2019/2020,P,2016/2017,A,YR-SM,GB-RM
ChaMay,2021/2022,23,-41.3014,174.74507,Chaos,Mayhem,2,2,2,2,BP22791,BP22792,,None,1,1,2019/2020,P,2016/2017,A,YR-SM,GB-RM
ChaMay,2021/2022,83,-41.30161,174.74554,Chaos,Mayhem,2,1,1,1,BP22882,,,None,2,2,2019/2020,P,2016/2017,A,YR-SM,GB-RM
ChaMay,2022/2023,30,-41.30127,174.74529,Chaos,Mayhem,2,2,2,2,BP24501,BP24502,,None,1,1,2019/2020,P,2016/2017,A,YR-SM,GB-RM
ChaMay,2022/2023,0,-41.3012,174.74556,Chaos,Mayhem,0,0,0,0,,,,None,2,2,2019/2020,P,2016/2017,A,YR-SM,GB-RM
ChaVic,2021/2022,21,-41.29834,174.74756,Champ,Victoria,2,2,2,1,BP19430,BP22806,,None,1,1,2010/2011,A+,2019/2020,P,KM-RY,SM-KB
ChaVic,2021/2022,68,-41.29856,174.74739,Champ,Victoria,2,2,1,0,,,,None,2,2,2010/2011,A+,2019/2020,P,KM-RY,SM-KB
ChaYoo,2017/2018,48,-41.29830698,174.746303,Champ,Yoobee,2,1,1,1,BP17404,,,None,1,1,2010/2011,A+,2012/2013,A,KM-RY,UB-UB
CheLad,2016/2017,82,-41.298657,174.747193,Cheese,Lady,2,2,2,2,BP13896,,,None,4,2,2007/2008,A,2013/2014,A,FPM-YPB,RK-YM
CheMac,2014/2015,9,-41.29849398,174.74714,Cheese,Mac,2,1,1,1,B100095,,,None,1,1,2007/2008,A,2006/2007,A,FPM-YPB,OM-YW
CheMac,2015/2016,11,-41.29852801,174.747106,Cheese,Mac,2,0,0,0,,,,None,1,1,2007/2008,A,2006/2007,A,FPM-YPB,OM-YW
CheMac,2015/2016,77,-41.29855298,174.746995,Cheese,Mac,2,0,0,0,,,,None,2,2,2007/2008,A,2006/2007,A,FPM-YPB,OM-YW
CheMac,2015/2016,85,-41.29854703,174.747132,Cheese,Mac,2,0,0,0,,,,None,3,3,2007/2008,A,2006/2007,A,FPM-YPB,OM-YW
ChiMus,2021/2022,22,-41.30087,174.74226,Chilli,Mustard,2,0,0,0,NA,,,E,1,1,2019/2020,P,2018/2019,A,BB-SM,BM-GO
ChiMus,2021/2022,35,-41.30105,174.74228,Chilli,Mustard,3,3,3,3,BP22810,BP22811,BP22813,None,2,2,2019/2020,P,2018/2019,A,BB-SM,BM-GO
ChiPep,2020/2021,42,-41.30081702,174.742433,Chilli,Pepper,2,0,0,0,NA,,,E,1,1,2019/2020,P,2015/2016,FL,BB-SM,PBM-WY
ChiPep,2020/2021,73,-41.301072,174.742624,Chilli,Pepper,2,1,0,0,NA,,,None,2,2,2019/2020,P,2015/2016,FL,BB-SM,PBM-WY
ChoOri,2021/2022,28,-41.29809,174.74619,Chonk,Orio,3,1,0,0,NA,,,None,1,1,2019/2020,J,2018/2019,P,SM-YB,OR-OM
ChoOri,2021/2022,59,-41.29814,174.74503,Chonk,Orio,3,1,0,0,BP22840,,,None,2,2,2019/2020,J,2018/2019,P,SM-YB,OR-OM
CliMcF,2017/2018,76,-41.29989903,174.74543,Clive,McFly,3,3,2,2,BP17421,BP17422,BP17423,None,1,2,2016/2017,P,2015/2016,A,RM-BG,PBM-FPW
CliMcF,2018/2019,9,-41.29973098,174.745224,Clive,McFly,2,2,2,1,BP17587,,,None,1,1,2016/2017,P,2015/2016,A,RM-BG,PBM-FPW
CliMcF,2018/2019,65,-41.29994002,174.744964,Clive,McFly,3,0,0,0,,,,E,2,2,2016/2017,P,2015/2016,A,RM-BG,PBM-FPW
CliMcF,2018/2019,83,-41.29999199,174.745082,Clive,McFly,3,2,2,2,BP19330,BP19331,,None,3,3,2016/2017,P,2015/2016,A,RM-BG,PBM-FPW
CliMcF,2019/2020,20,-41.29973098,174.745224,Clive,McFly,2,2,2,2,UB00005,BP19394,,None,1,1,2016/2017,P,2015/2016,A,RM-BG,PBM-FPW
CliMcF,2020/2021,18,-41.29978202,174.745449,Clive,McFly,2,0,0,0,NA,,,E,1,1,2016/2017,P,2015/2016,A,RM-BG,PBM-FPW
CliMcF,2020/2021,35,-41.29993399,174.745093,Clive,McFly,3,2,2,0,BP22720,BP22721,,None,2,2,2016/2017,P,2015/2016,A,RM-BG,PBM-FPW
CliNic,2021/2022,26,-41.29954,174.74554,Clive,Nicky,2,1,1,1,BP22839,,,None,1,1,2016/2017,P,2020/2021,P,RM-BG,PM-BO
CliNic,2021/2022,73,-41.29955,174.74564,Clive,Nicky,2,1,1,0,BP22856,,,None,2,2,2016/2017,P,2020/2021,P,RM-BG,PM-BO
CloAma,2017/2018,48,-41.29683796,174.747211,Clooney,Amal,2,0,0,0,,,,E,1,1,2016/2017,P,2016/2017,A,OB-RM,RM-GR
CloAma,2017/2018,74,-41.29619901,174.747043,Clooney,Amal,2,2,1,1,BP17420,,,None,2,2,2016/2017,P,2016/2017,A,OB-RM,RM-GR
CloBil,2021/2022,22,-41.29662,174.74774,Clooney,Billie Jean,2,0,0,0,NA,,,E,1,1,2016/2017,P,2017/2018,P,OB-RM,PGM-BR
CloBil,2021/2022,45,-41.29683,174.74744,Clooney,Billie Jean,3,3,3,3,BP22820,BP22821,BP22822,None,2,2,2016/2017,P,2017/2018,P,OB-RM,PGM-BR
CloUB,2018/2019,24,-41.296615,174.747974,Clooney,UB Clooney,2,1,1,1,BP17543,,,None,1,1,2016/2017,P,2018/2019,A,OB-RM,BM-RO
CloUB,2019/2020,0,-41.296557,174.74757,Clooney,UB Clooney,2,2,2,2,BP19376,BP19377,,None,1,1,2016/2017,P,2018/2019,A,OB-RM,BM-RO
CloYS-,2020/2021,41,-41.29665499,174.747503,Clooney,Penny,2,2,2,2,BP22737,BP22738,,None,1,1,2016/2017,P,2019/2020,A,OB-RM,YS-SM
CooApr,2016/2017,24,-41.30099899,174.74516,Cookie,April,2,2,0,0,,,,None,1,1,2015/2016,P,2013/2014,A,WFP-PBM,YM-RG
CooDap,2016/2017,96,-41.300367,174.745182,Cooper,Daphne,2,2,2,1,BP13892,BP13893,,None,1,3,2015/2016,P,2012/2013,A,PBW-PBM,YG-YM
CooDap,2017/2018,23,-41.30038803,174.744974,Cooper,Daphne,2,2,1,1,BP11382,,,None,1,1,2015/2016,P,2012/2013,A,PBW-PBM,YG-YM
DarKit,2015/2016,67,-41.29778302,174.746862,Darcy,Kitty,2,2,2,2,BP10199,BP10200,,None,2,1,2007/2008,A,2014/2015,A,RY-FPM,YM-YY
DarLiz,2014/2015,0,-41.29774597,174.746706,Darcy,Lizzie,2,2,1,1,B100090,,,None,1,1,2007/2008,A,2012/2013,A,RY-FPM,FPR-YM
DarLiz,2014/2015,74,-41.29782099,174.746844,Darcy,Lizzie,2,2,2,2,BP10113,BP10114,,None,2,2,2007/2008,A,2012/2013,A,RY-FPM,FPR-YM
DarLiz,2015/2016,14,-41.29765604,174.746691,Darcy,Lizzie,2,2,0,0,,,,C,1,1,2007/2008,A,2012/2013,A,RY-FPM,FPR-YM
DonApr,2015/2016,77,-41.30119496,174.745011,Donatello,April,2,2,0,0,,,,C,3,2,2013/2014,J,2013/2014,A,YM-FPG,YM-RG
DonBum,2014/2015,69,-41.30126,174.745402,Donatello,Bumps,2,0,0,0,,,,E,1,1,2013/2014,J,2013/2014,J,YM-FPG,BPB-YM
DonFlo,2016/2017,32,-41.301519,174.745162,Donatello,Florence,2,2,2,2,BP13849,BP13850,,None,1,1,2013/2014,J,2015/2016,A,YM-FPG,PBM-PBB
DonFlo,2017/2018,16,-41.30150903,174.745382,Donatello,Florence,2,2,2,2,BP11380,BP11381,,None,1,1,2013/2014,J,2015/2016,A,YM-FPG,PBM-PBB
DonFlo,2018/2019,5,-41.30172604,174.744781,Donatello,Florence,2,2,2,1,BP17520,BP17521,,None,1,1,2013/2014,J,2015/2016,A,YM-FPG,PBM-PBB
DonQue,2015/2016,3,-41.30136101,174.745547,Donatello,Queen,2,2,1,1,BP11307,,,None,1,1,2013/2014,J,2012/2013,A+,YM-FPG,YM-RFP
DonQue,2015/2016,60,-41.30113897,174.745451,Donatello,Queen,3,2,0,0,,,,C,2,2,2013/2014,J,2012/2013,A+,YM-FPG,YM-RFP
DonQue,2015/2016,92,-41.301259,174.745424,Donatello,Queen,2,2,2,2,BP13806,BP13807,,None,4,3,2013/2014,J,2012/2013,A+,YM-FPG,YM-RFP
DraMrs,2017/2018,81,-41.29952,174.74547,Draco,Mrs Draco,2,2,1,1,BP17446,,,None,2,1,2014/2015,P,2016/2017,A,GW-GM,RM-GG
DraPan,2015/2016,57,-41.29919101,174.745461,Draco,Pansy,2,0,0,0,,,,E,1,1,2014/2015,P,2014/2015,A,GW-GM,BG-GM
DraPan,2015/2016,77,-41.29935002,174.745894,Draco,Pansy,2,1,1,1,BP13804,,,None,2,2,2014/2015,P,2014/2015,A,GW-GM,BG-GM
DraPan,2016/2017,2,-41.29946804,174.745272,Draco,Pansy,2,0,0,0,,,,E,1,1,2014/2015,P,2014/2015,A,GW-GM,BG-GM
DraPan,2016/2017,21,-41.29913704,174.745258,Draco,Pansy,3,3,3,3,BP13838,BP13839,BP13840,None,2,2,2014/2015,P,2014/2015,A,GW-GM,BG-GM
DraPan,2017/2018,17,-41.299562,174.745617,Draco,Pansy,2,1,1,1,BP11375,,,None,1,1,2014/2015,P,2014/2015,A,GW-GM,BG-GM
DroLol,2022/2023,81,-41.29847,174.74725,Dropsy,Lolly,2,2,1,1,BP24571,,,None,3,2,2020/2021,FL,UNKNOWN,,BG-PM,UNKNOWN
DroSly,2021/2022,79,-41.29861,174.74699,Dropsy,Sly,2,2,2,2,BP22862,BP22863,,None,1,2,2020/2021,FL,2021/2022,J,BG-PM,PM-YG
DroSly,2022/2023,32,-41.29845,174.74673,Dropsy,Sly,2,1,0,0,,,,C,1,1,2020/2021,FL,2021/2022,J,BG-PM,PM-YG
DroSly,2022/2023,35,-41.2985,174.74716,Dropsy,Sly,2,2,0,0,,,,C,2,2,2020/2021,FL,2021/2022,J,BG-PM,PM-YG
DucHav,2022/2023,40,-41.3004,174.74451,Duck,Havana,2,2,2,1,BP24543,,,None,1,1,2017/2018,A,2020/2021,P,PGM-OW,YG-PM
DucMad,2020/2021,19,-41.30047001,174.744376,Duck,Madonna,2,2,1,0,NA,,,None,1,1,2017/2018,A,2015/2016,A,PGM-OW,PBM-WK
DucMad,2020/2021,70,-41.30047001,174.744376,Duck,Madonna,3,3,3,3,BP22764,BP22765,UB00002,None,2,2,2017/2018,A,2015/2016,A,PGM-OW,PBM-WK
DucMad,2021/2022,23,-41.3002,174.74431,Duck,Madonna,2,0,0,0,NA,,,E,1,1,2017/2018,A,2015/2016,A,PGM-OW,PBM-WK
DucMad,2021/2022,39,-41.30035,174.74449,Duck,Madonna,3,0,0,0,NA,,,E,2,2,2017/2018,A,2015/2016,A,PGM-OW,PBM-WK
DucMad,2021/2022,62,-41.30047,174.74438,Duck,Madonna,3,0,0,0,NA,,,E,3,3,2017/2018,A,2015/2016,A,PGM-OW,PBM-WK
DucMad,2021/2022,90,-41.30036,174.74454,Duck,Madonna,3,3,0,0,BP22870,BP22871,BP22872,C,4,4,2017/2018,A,2015/2016,A,PGM-OW,PBM-WK
DucSky,2019/2020,0,-41.30039499,174.744446,Duck,Sky,2,0,0,0,,,,E,1,1,2017/2018,A,2017/2018,P,PGM-OW,PBPB-PGM
DucSky,2019/2020,0,-41.30030204,174.744428,Duck,Sky,2,0,0,0,,,,E,2,2,2017/2018,A,2017/2018,P,PGM-OW,PBPB-PGM
DucSky,2019/2020,88,-41.30021998,174.744532,Duck,Sky,3,3,1,0,BP19462,BP19463,,C,3,3,2017/2018,A,2017/2018,P,PGM-OW,PBPB-PGM
DucTai,2018/2019,6,-41.30089296,174.74423,Duck,Tails,2,1,1,1,BP17529,,,None,1,1,2017/2018,A,2015/2016,A,PGM-OW,xx-PBM
DucTai,2018/2019,63,-41.30103101,174.744379,Duck,Tails,3,3,1,1,BP19309,BP19310,BP19311,None,2,2,2017/2018,A,2015/2016,A,PGM-OW,xx-PBM
DumGin,2022/2023,51,-41.30094,174.74432,Dumpling,Ginger,2,0,0,0,,,,None,2,2,2020/2021,A,2021/2022,A,GR-PM,WS-GM
DumGin,2022/2023,80,-41.30073,174.74406,Dumpling,Ginger,2,0,0,0,,,,None,3,3,2020/2021,A,2021/2022,A,GR-PM,WS-GM
DumJun,2021/2022,30,-41.30118,174.7444,Dumpling,Junebug,2,2,0,0,NA,,,None,1,1,2020/2021,A,2020/2021,P,GR-PM,PM-RR
DumNoo,2022/2023,6,-41.30077,174.74431,Dumpling,Noodle,2,2,0,0,,,,C,1,1,2020/2021,A,2021/2022,P,GR-PM,RG-GM
EdiLas,2014/2015,9,-41.297334,174.746427,Edison,Lass,2,2,2,1,B100093,B100094,,None,1,1,2012/2013,A+,2012/2013,A,BB-YM,WB-YM
EdiSco,2017/2018,34,-41.29740098,174.74628,Edison,Scout,2,2,2,2,BP11393,BP11394,,None,1,1,2012/2013,A+,2015/2016,A,BB-YM,YW-WM
EdiTot,2015/2016,21,-41.29754799,174.746398,Edison,Toto,2,2,2,1,BP11316,BP11317,,None,1,1,2012/2013,A+,2014/2015,A,BB-YM,YM-RR
EdiTot,2016/2017,8,-41.29759401,174.746077,Edison,Toto,1,0,0,0,,,,None,1,1,2012/2013,A+,2014/2015,A,BB-YM,YM-RR
EdiTot,2016/2017,56,-41.29754297,174.745929,Edison,Toto,2,0,0,0,,,,None,2,3,2012/2013,A+,2014/2015,A,BB-YM,YM-RR
EdiTot,2016/2017,83,-41.29741598,174.745925,Edison,Toto,3,3,3,1,BP13887,BP13888,BP13889,None,3,4,2012/2013,A+,2014/2015,A,BB-YM,YM-RR
EdwBel,2016/2017,7,-41.29689404,174.74715,Edward,Bella,2,2,2,1,BP13829,BP13830,,None,1,1,2011/2012,A,2013/2014,A,YR-KM,YM-PBR
EdwBel,2016/2017,65,-41.297203,174.747455,Edward,Bella,2,2,2,2,BP13870,BP13871,,None,2,2,2011/2012,A,2013/2014,A,YR-KM,YM-PBR
EdwBel,2017/2018,12,-41.29700602,174.747122,Edward,Bella,2,2,2,2,BP11369,BP11370,,None,1,1,2011/2012,A,2013/2014,A,YR-KM,YM-PBR
EdwBel,2017/2018,60,-41.296945,174.74702,Edward,Bella,2,1,1,1,BP17410,,,None,2,2,2011/2012,A,2013/2014,A,YR-KM,YM-PBR
EdwBel,2018/2019,5,-41.29718204,174.746961,Edward,Bella,2,2,2,2,BP17518,BP17519,,None,1,1,2011/2012,A,2013/2014,A,YR-KM,YM-PBR
EdwBel,2018/2019,57,-41.29720903,174.747034,Edward,Bella,3,3,3,3,BP17592,BP17593,BP17594,None,2,2,2011/2012,A,2013/2014,A,YR-KM,YM-PBR
EdwBun,2019/2020,18,-41.29659003,174.746702,Edward,Bundy,2,1,1,1,BP19389,,,None,1,1,2011/2012,A,2015/2016,P,YR-KM,RFP-PBM
EdwOri,2020/2021,43,-41.29725496,174.747195,Edward,Orio,2,0,0,0,NA,,,None,1,1,2011/2012,A,2018/2019,P,YR-KM,OR-OM
EdwPen,2021/2022,24,-41.29703,174.74716,Edward,Penny,2,2,2,2,BP22835,BP22838,,None,1,1,2011/2012,A,2019/2020,A,YR-KM,YS-SM
EdwPen,2021/2022,77,-41.29725,174.74722,Edward,Penny,2,2,2,1,BP22879,UB00002,,None,2,2,2011/2012,A,2019/2020,A,YR-KM,YS-SM
EdwPen,2022/2023,5,-41.29708,174.74731,Edward,Penny,2,2,2,1,BP24504,,,None,1,1,2011/2012,A,2019/2020,A,YR-KM,YS-SM
EdwPen,2022/2023,63,-41.29704,174.74709,Edward,Penny,3,3,3,3,BP24555,BP24556,BP24563,None,2,2,2011/2012,A,2019/2020,A,YR-KM,YS-SM
ErrMad,2016/2017,34,-41.30066296,174.743256,Erroll,Madonna,2,0,0,0,,,,,1,1,2012/2013,A+,2015/2016,A,YM-YB,PBM-WK
ErrMad,2016/2017,92,-41.30035903,174.743097,Erroll,Madonna,2,0,0,0,,,,E,2,2,2012/2013,A+,2015/2016,A,YM-YB,PBM-WK
ErrMad,2016/2017,74,-41.30049197,174.743018,Erroll,Madonna,3,3,3,2,BP13881,BP13882,BP13883,None,3,3,2012/2013,A+,2015/2016,A,YM-YB,PBM-WK
ErrMad,2017/2018,20,-41.30028502,174.744004,Erroll,Madonna,2,2,2,0,BP11378,BP11379,,None,1,1,2012/2013,A+,2015/2016,A,YM-YB,PBM-WK
ErrMad,2017/2018,74,-41.30046397,174.743347,Erroll,Madonna,2,2,2,1,BP17441,,,None,2,2,2012/2013,A+,2015/2016,A,YM-YB,PBM-WK
ErrPig,2015/2016,22,-41.30014303,174.743276,Erroll,Pigwidgeon,2,2,2,2,BP10190,BP10193,,None,1,1,2012/2013,A+,2014/2015,FL,YM-YB,GM-OW
EwoNee,2014/2015,30,-41.29980197,174.744041,Ewob,Neek,2,2,1,1,BP10166,,,None,1,1,2013/2014,J,2012/2013,A,YM-FPFP,YM-GFP
EwoNee,2014/2015,93,-41.30082599,174.745511,Ewob,Neek,2,2,2,2,BP10177,BP10178,,None,2,2,2013/2014,J,2012/2013,A,YM-FPFP,YM-GFP
EwoNee,2015/2016,14,-41.30007497,174.744829,Ewob,Neek,2,1,1,0,BP11310,,,None,1,1,2013/2014,J,2012/2013,A,YM-FPFP,YM-GFP
FabCin,2015/2016,87,-41.30139596,174.743209,Fabio,Cindy,2,2,2,2,BP13811,BP13810,,None,2,1,2012/2013,A+,2008/2009,,FPW-YM,RO-FPM
FabEll,2016/2017,33,-41.30122497,174.743658,Fabio,Elle,3,0,0,0,,,,E,2,1,2012/2013,A+,2015/2016,A,FPW-YM,PBM-WFP
FabHun,2014/2015,91,-41.30080696,174.743158,Fabio,Hunter,2,2,0,0,,,,C,3,1,2012/2013,A+,2012/2013,A+,FPW-YM,YM-YFP
FabHun,2015/2016,24,-41.30060504,174.743219,Fabio,Hunter,2,2,0,0,,,,None,1,1,2012/2013,A+,2012/2013,A+,FPW-YM,YM-YFP
FabNao,2014/2015,24,-41.30089296,174.743043,Fabio,Naomi,2,2,1,0,BP10104,BP10105,,None,1,1,2012/2013,A+,2012/2013,A,FPW-YM,PBFP-YM
FabNao,2014/2015,79,-41.30071602,174.743239,Fabio,Naomi,2,0,0,0,,,,None,2,2,2012/2013,A+,2012/2013,A,FPW-YM,PBFP-YM
FerBul,2021/2022,21,-41.30134,174.74399,Fernando,Bulma,2,0,0,0,NA,,,None,1,1,2020/2021,P,2018/2019,P,PM-WO,RY-OM
FerBul,2021/2022,40,-41.30119,174.74377,Fernando,Bulma,3,3,3,3,BP22816,BP22817,BP22818,None,2,2,2020/2021,P,2018/2019,P,PM-WO,RY-OM
FerBul,2022/2023,3,-41.30141,174.74374,Fernando,Bulma,2,0,0,0,,,,E,1,1,2020/2021,P,2018/2019,P,PM-WO,RY-OM
FerBul,2022/2023,22,-41.30125,174.7437,Fernando,Bulma,2,2,2,2,BP24522,BP24528,,None,2,2,2020/2021,P,2018/2019,P,PM-WO,RY-OM
FonCan,2014/2015,25,-41.29946996,174.746205,Fonz,Candy,2,2,2,2,BP10149,BP10148,,,1,1,2012/2013,A+,2012/2013,A+,GW-YM,WFP-YM
FonCan,2014/2015,81,-41.29995,174.74617,Fonz,Candy,3,3,2,2,BP10174,BP10175,,None,2,2,2012/2013,A+,2012/2013,A+,GW-YM,WFP-YM
FonCan,2015/2016,0,-41.29980801,174.746575,Fonz,Candy,2,2,2,2,BP11308,BP11309,,None,1,1,2012/2013,A+,2012/2013,A+,GW-YM,WFP-YM
FonCan,2016/2017,71,-41.29979501,174.746528,Fonz,Candy,2,2,2,2,BP13877,BP13878,,None,2,2,2012/2013,A+,2012/2013,A+,GW-YM,WFP-YM
FPPFPG,2014/2015,8,-41.300489,174.743679,FPPB-YM,FPG-YM,2,2,0,0,,,,C,1,1,2012/2013,A+,2013/2014,J,FPPB-YM,FPG-YM
FreDap,2018/2019,26,-41.30056104,174.744829,Fred,Daphne,2,1,1,1,BP17550,,,None,1,1,2017/2018,P,2012/2013,A,GR-PGM,YG-YM
FreDap,2018/2019,74,-41.300454,174.745286,Fred,Daphne,2,2,0,0,BP19324,BP19325,,C,2,2,2017/2018,P,2012/2013,A,GR-PGM,YG-YM
FreDap,2019/2020,20,-41.30042299,174.74499,Fred,Daphne,1,0,0,0,,,,None,1,1,2017/2018,P,2012/2013,A,GR-PGM,YG-YM
FreDap,2019/2020,72,-41.30042198,174.745072,Fred,Daphne,2,0,0,0,,,,E,2,2,2017/2018,P,2012/2013,A,GR-PGM,YG-YM
FreDap,2019/2020,83,-41.30049298,174.745011,Fred,Daphne,2,2,0,0,BP19460,BP19461,,C,3,3,2017/2018,P,2012/2013,A,GR-PGM,YG-YM
FroGo-,2021/2022,0,-41.29656,174.74547,Frodo,Go-go,2,2,1,1,BP19422,,,None,1,1,2020/2021,J,2015/2016,A,RG-PM,PBM-GO
FroGo-,2021/2022,48,-41.29701,174.7451,Frodo,Go-go,3,3,3,3,BP22824,BP22825,BP22826,None,2,2,2020/2021,J,2015/2016,A,RG-PM,PBM-GO
FroGo-,2022/2023,-4,-41.29708,174.74506,Frodo,Go-go,2,0,0,0,,,,E,1,1,2020/2021,J,2015/2016,A,RG-PM,PBM-GO
FroGo-,2022/2023,10,-41.29692,174.74539,Frodo,Go-go,2,2,1,0,BP22891,,,None,2,2,2020/2021,J,2015/2016,A,RG-PM,PBM-GO
FroGo-,2022/2023,55,-41.2967,174.74557,Frodo,Go-go,3,3,3,3,BP24519,BP24520,BP24521,None,3,3,2020/2021,J,2015/2016,A,RG-PM,PBM-GO
GhoFlo,2019/2020,49,-41.30085499,174.745591,Ghost,Florence,2,0,0,0,,,,None,1,1,2018/2019,P,2015/2016,A,OM-RY,PBM-PBB
GhoFlo,2019/2020,74,-41.30097804,174.745431,Ghost,Florence,2,2,2,2,BP19447,BP19446,,None,2,2,2018/2019,P,2015/2016,A,OM-RY,PBM-PBB
GimTyu,2022/2023,7,-41.30044,174.74315,Gimli,Tyuk,2,2,2,0,BP22892,BP22894,,None,1,1,2021/2022,P,2019/2020,A,YR-GM,SM-WS
GobGo-,2016/2017,30,-41.29736803,174.744867,Gobbler,Go-go,2,1,1,1,BP13844,,,None,1,1,2014/2015,P,2015/2016,A,BR-GM,PBM-GO
GobGo-,2017/2018,0,-41.29758102,174.745167,Gobbler,Go-go,2,2,2,2,BP11361,BP11362,,None,1,1,2014/2015,P,2015/2016,A,BR-GM,PBM-GO
GobGo-,2017/2018,62,-41.297333,174.745216,Gobbler,Go-go,2,2,2,2,BP17434,BP17436,,None,2,2,2014/2015,P,2015/2016,A,BR-GM,PBM-GO
GobGo-,2018/2019,0,-41.297491,174.74505,Gobbler,Go-go,2,2,2,2,BP17551,BP17553,,None,1,1,2014/2015,P,2015/2016,A,BR-GM,PBM-GO
GobGo-,2018/2019,50,-41.29752603,174.744945,Gobbler,Go-go,2,2,2,1,BP17579,BP17580,,None,2,2,2014/2015,P,2015/2016,A,BR-GM,PBM-GO
GobGo-,2019/2020,13,-41.29686696,174.745289,Gobbler,Go-go,2,2,2,2,BP19349,BP19350,,None,1,1,2014/2015,P,2015/2016,A,BR-GM,PBM-GO
GobGo-,2020/2021,0,-41.29684903,174.745594,Gobbler,Go-go,2,2,2,1,BP19481,BP19482,,None,1,1,2014/2015,P,2015/2016,A,BR-GM,PBM-GO
GobGo-,2020/2021,57,-41.29617998,174.745168,Gobbler,Go-go,2,2,2,2,BP19413,BP19414,,None,2,2,2014/2015,P,2015/2016,A,BR-GM,PBM-GO
GobGo-,2020/2021,112,-41.29697199,174.745075,Gobbler,Go-go,2,0,0,0,NA,,,None,3,3,2014/2015,P,2015/2016,A,BR-GM,PBM-GO
GokBul,2022/2023,101,-41.3015,174.7439,Goku,Bulma,2,2,2,1,BP24564,BP24565,,None,1,3,2021/2022,A,2018/2019,P,OS-GM,RY-OM
GomKur,2022/2023,30,-41.29983,174.74409,Gomez,Kura,2,2,2,2,BP24526,BP24527,,None,1,1,2021/2022,FL,2019/2020,A,GM-WK,RS-SM
GraBin,2017/2018,34,-41.29897602,174.746152,Gramps,Bingley,2,2,2,2,BP11388,BP11389,,None,1,1,2009/2010,U,2012/2013,A,BM-YW,PBY-YM
GraNem,2021/2022,36,-41.29882,174.74687,Gramps,Nemo,2,2,2,2,BP22852,BP22853,,None,1,1,2009/2010,U,2020/2021,P,BM-YW,PM-BG
GraPea,2020/2021,19,-41.29907199,174.746333,Gramps,Peaches,2,2,2,2,BP19493,BP19494,,None,1,1,2009/2010,U,2018/2019,P,BM-YW,WR-OM
GraPea,2020/2021,79,-41.29897401,174.74661,Gramps,Peaches,2,2,2,2,BP22769,BP22767,,None,2,2,2009/2010,U,2018/2019,P,BM-YW,WR-OM
GraSki,2018/2019,39,-41.29923997,174.746516,Gramps,Skip,2,2,2,2,BP17557,BP17558,,None,1,1,2009/2010,U,2017/2018,A,BM-YW,WY-PGM
GraSki,2019/2020,31,-41.29899404,174.746707,Gramps,Skip,2,1,1,1,BP19409,,,None,1,1,2009/2010,U,2017/2018,A,BM-YW,WY-PGM
GraYoo,2015/2016,68,-41.29871299,174.746704,Gramps,Yoobee,2,1,1,0,BP10196,,,None,1,1,2009/2010,U,2012/2013,A,BM-YW,UB-UB
GraYoo,2016/2017,24,-41.299261,174.746761,Gramps,Yoobee,2,1,1,1,BP13842,,,None,1,1,2009/2010,U,2012/2013,A,BM-YW,UB-UB
GumOri,2022/2023,28,-41.29781,174.74519,Gumball,Orio,2,0,0,0,,,,E,1,1,2021/2022,P,2018/2019,P,GM-BY,OR-OM
GuyLun,2021/2022,29,-41.30176,174.74635,Guyfawkes,Luna,2,2,2,2,BP22793,BP22794,,None,1,1,2018/2019,P,2019/2020,FL,YY-OM,SM-KW
GuyLun,2022/2023,0,-41.30192,174.74582,Guyfawkes,Luna,0,0,0,0,,,,None,1,1,2018/2019,P,2019/2020,FL,YY-OM,SM-KW
GuyLun,2022/2023,27,-41.3017,174.74641,Guyfawkes,Luna,2,2,2,1,BP22899,BP22900,,None,2,2,2018/2019,P,2019/2020,FL,YY-OM,SM-KW
GuyLun,2022/2023,80,-41.30173,174.74594,Guyfawkes,Luna,3,3,3,2,BP24545,BP24546,BP24551,None,3,3,2018/2019,P,2019/2020,FL,YY-OM,SM-KW
GuyMay,2019/2020,24,-41.30149503,174.745729,Guyfawkes,Mayhem,2,2,2,1,BP19390,,,None,1,1,2018/2019,P,2016/2017,A,YY-OM,GB-RM
HanBin,2018/2019,10,-41.29775402,174.746121,Hansel,Bingley,2,0,0,0,,,,E,1,1,2016/2017,P,2012/2013,A,RM-GY,PBY-YM
HanBin,2018/2019,40,-41.29696403,174.746016,Hansel,Bingley,2,2,1,1,BP19329,,,None,2,2,2016/2017,P,2012/2013,A,RM-GY,PBY-YM
HanBin,2019/2020,17,-41.29702203,174.745941,Hansel,Bingley,3,3,3,3,BP19395,BP19396,BP19397,None,2,2,2016/2017,P,2012/2013,A,RM-GY,PBY-YM
HanGre,2017/2018,50,-41.29703997,174.745941,Hansel,Gretel,2,2,2,2,BP17433,,,None,1,1,2016/2017,P,2016/2017,P,RM-GY,RM-WO
HanInn,2016/2017,69,-41.29769803,174.744673,Hank Williams,Innamed,3,3,2,2,BP13874,BP13875,BP13876,None,1,2,2013/2014,J,2015/2016,A,RR-YM,PBM-GY
HanLei,2014/2015,17,-41.30055198,174.746523,Han Solo,Leia,2,2,1,1,BP10159,BP10160,,None,1,1,2011/2012,A+,2013/2014,A,WY-YM,YM-PBW
HemBro,2019/2020,26,-41.300742,174.7443,Hemmingway,Bronte,2,0,0,0,,,,E,1,1,2018/2019,P,2018/2019,P,WY-BM,OM-RW
HemBro,2019/2020,59,-41.30090704,174.744361,Hemmingway,Bronte,2,2,2,2,BP19398,BP19399,,None,2,2,2018/2019,P,2018/2019,P,WY-BM,OM-RW
HenAnn,2021/2022,39,-41.30162,174.74654,Henry,Annie,2,2,2,2,BP22814,BP22815,,None,1,1,2012/2013,A+,2020/2021,FL,WR-YM,BR-PM
HenCat,2014/2015,7,-41.30136603,174.746292,Henry,Cat,2,2,2,2,B100096,B100097,,None,1,1,2012/2013,A+,2012/2013,A,WR-YM,RW-YM
HenCat,2014/2015,72,-41.30120502,174.746359,Henry,Cat,2,2,2,2,BP10138,BP10140,,None,2,2,2012/2013,A+,2012/2013,A,WR-YM,RW-YM
HenCat,2015/2016,9,-41.30112598,174.746687,Henry,Cat,2,1,1,1,BP11311,,,None,1,1,2012/2013,A+,2012/2013,A,WR-YM,RW-YM
HenCat,2015/2016,58,-41.30115699,174.746169,Henry,Cat,2,2,2,2,BP10188,BP10189,,None,2,2,2012/2013,A+,2012/2013,A,WR-YM,RW-YM
HenCat,2016/2017,5,-41.30121801,174.74657,Henry,Cat,2,2,1,1,BP13827,,,None,1,1,2012/2013,A+,2012/2013,A,WR-YM,RW-YM
HenCat,2016/2017,69,-41.30133997,174.746635,Henry,Cat,2,2,2,2,BP13872,BP13873,,None,2,2,2012/2013,A+,2012/2013,A,WR-YM,RW-YM
HenCat,2017/2018,11,-41.30145203,174.746273,Henry,Cat,2,2,2,2,BP11367,BP11368,,None,1,1,2012/2013,A+,2012/2013,A,WR-YM,RW-YM
HenCat,2018/2019,30,-41.30138196,174.746431,Henry,Cat,2,0,0,0,,,,E,1,1,2012/2013,A+,2012/2013,A,WR-YM,RW-YM
HenCat,2018/2019,72,-41.30145203,174.746273,Henry,Cat,3,1,0,0,BP19323,,,None,2,2,2012/2013,A+,2012/2013,A,WR-YM,RW-YM
HenCat,2019/2020,21,-41.30138196,174.746431,Henry,Cat,2,0,0,0,,,,E,1,1,2012/2013,A+,2012/2013,A,WR-YM,RW-YM
HenCat,2019/2020,47,-41.30138003,174.746127,Henry,Cat,2,1,1,1,BP19383,,,None,2,2,2012/2013,A+,2012/2013,A,WR-YM,RW-YM
HenCat,2020/2021,27,-41.30138003,174.746418,Henry,Cat,2,0,0,0,NA,,,None,1,1,2012/2013,A+,2012/2013,A,WR-YM,RW-YM
HenCat,2020/2021,130,-41.30144902,174.746514,Henry,Cat,2,0,0,0,NA,,,E,2,3,2012/2013,A+,2012/2013,A,WR-YM,RW-YM
HerChe,2018/2019,40,-41.30009701,174.746276,Hermes,Chelsea,2,2,2,2,BP17559,BP17560,,None,1,1,2016/2017,P,2017/2018,P,GK-RM,GG-PGM
HopJoy,2022/2023,28,-41.29816,174.74556,Hopper,Joyce,2,1,1,1,BP24525,,,None,1,1,2021/2022,J,2021/2022,J,GM-GS,RS-GM
HopJoy,2022/2023,73,-41.2981,174.74536,Hopper,Joyce,2,1,1,1,BP24559,,,None,2,2,2021/2022,J,2021/2022,J,GM-GS,RS-GM
HorDol,2022/2023,52,-41.30055,174.74501,Horse,Dolores,3,2,2,1,BP24517,BP24518,,None,1,2,2021/2022,P,2019/2020,FL,GG-GM,SM-OR
ItiAro,2014/2015,10,-41.300152,174.746867,Iti,Aroha,2,1,0,0,B100098,,,,1,1,2012/2013,A+,2012/2013,A+,GY-YM,YM-PBY
ItiAro,2014/2015,54,-41.29997397,174.747066,Iti,Aroha,2,1,0,0,,,,,2,2,2012/2013,A+,2012/2013,A+,GY-YM,YM-PBY
ItiAro,2014/2015,81,-41.30006902,174.747119,Iti,Aroha,3,3,3,3,BP10176,BP10129,BP10130,,3,3,2012/2013,A+,2012/2013,A+,GY-YM,YM-PBY
ItiAro,2015/2016,15,-41.29990096,174.747629,Iti,Aroha,2,2,1,1,BP11314,BP11313,,,1,1,2012/2013,A+,2012/2013,A+,GY-YM,YM-PBY
ItiAro,2015/2016,67,-41.30028896,174.746859,Iti,Aroha,2,2,2,2,BP10197,BP10198,,,2,2,2012/2013,A+,2012/2013,A+,GY-YM,YM-PBY
JamEll,2016/2017,52,-41.30117702,174.743473,James,Elle,2,2,2,2,BP13865,BP13864,,None,2,2,2015/2016,P,2015/2016,A,FPG-PBM,PBM-WFP
JamEll,2017/2018,28,-41.301043,174.743043,James,Elle,2,0,0,0,,,,E,1,1,2015/2016,P,2015/2016,A,FPG-PBM,PBM-WFP
JamEll,2017/2018,62,-41.30096999,174.743356,James,Elle,2,0,0,0,,,,E,2,2,2015/2016,P,2015/2016,A,FPG-PBM,PBM-WFP
JamSar,2018/2019,0,-41.30106797,174.7434,James,Sarabi,2,2,0,0,,,,None,1,1,2015/2016,P,2014/2015,A,FPG-PBM,YM-OPB
JamSar,2018/2019,38,-41.30138498,174.743606,James,Sarabi,3,3,3,3,BP17563,BP17564,BP17565,None,2,2,2015/2016,P,2014/2015,A,FPG-PBM,YM-OPB
JamSar,2019/2020,14,-41.30119001,174.743474,James,Sarabi,2,0,0,0,,,,E,1,1,2015/2016,P,2014/2015,A,FPG-PBM,YM-OPB
JayCho,2017/2018,59,-41.30009903,174.747194,Jay,Chook,2,1,1,1,BP17411,,,None,1,1,2016/2017,P,2016/2017,P,RM-RPB,RM-FPFP
JayCho,2018/2019,17,-41.29998302,174.747044,Jay,Chook,2,1,1,1,BP17538,,,None,1,1,2016/2017,P,2016/2017,P,RM-RPB,RM-FPFP
JayCho,2018/2019,70,-41.30009601,174.747074,Jay,Chook,3,2,2,2,BP19318,BP19319,,None,2,2,2016/2017,P,2016/2017,P,RM-RPB,RM-FPFP
JaySki,2020/2021,15,-41.29989501,174.747553,Jay,Skip,2,2,2,2,BP19488,BP19489,,None,1,1,2016/2017,P,2017/2018,A,RM-RPB,WY-PGM
JaySki,2020/2021,79,0,0,Jay,Skip,2,2,2,2,BP22772,,,None,2,2,2016/2017,P,2017/2018,A,RM-RPB,WY-PGM
JaySte,2021/2022,16,-41.30032,174.7476,Jay,Stella,2,2,2,2,BP22833,BP22832,,None,1,1,2016/2017,P,2018/2019,P,RM-RPB,WW-OM
JaySte,2021/2022,88,-41.30025,174.74785,Jay,Stella,2,2,2,2,BP22868,BP22869,,None,2,2,2016/2017,P,2018/2019,P,RM-RPB,WW-OM
JaySte,2022/2023,14,-41.30019,174.74748,Jay,Stella,2,0,0,0,,,,None,1,1,2016/2017,P,2018/2019,P,RM-RPB,WW-OM
JaySte,2022/2023,48,-41.30042,174.7476,Jay,Stella,2,2,2,1,BP24544,,,None,2,2,2016/2017,P,2018/2019,P,RM-RPB,WW-OM
JetAir,2015/2016,59,-41.300037,174.746146,Jetscream,Air,1,0,0,0,,,,None,2,1,2012/2013,A,2007/2008,A,WPB-YM,WPB-OM
JetAir,2015/2016,71,-41.30034998,174.746401,Jetscream,Air,2,1,1,1,BP13803,,,None,3,2,2012/2013,A,2007/2008,A,WPB-YM,WPB-OM
JetAir,2016/2017,19,-41.300252,174.746113,Jetscream,Air,2,0,0,0,,,,None,1,1,2012/2013,A,2007/2008,A,WPB-YM,WPB-OM
JetAir,2016/2017,71,-41.299793,174.745955,Jetscream,Air,2,1,1,1,BP13879,,,None,2,2,2012/2013,A,2007/2008,A,WPB-YM,WPB-OM
JetAir,2017/2018,43,-41.300008,174.745905,Jetscream,Air,2,2,2,2,BP11397,BP11398,,None,1,1,2012/2013,A,2007/2008,A,WPB-YM,WPB-OM
JetAir,2018/2019,30,-41.299562,174.746028,Jetscream,Air,1,0,0,0,,,,E,1,1,2012/2013,A,2007/2008,A,WPB-YM,WPB-OM
JetAir,2018/2019,60,-41.29948899,174.746033,Jetscream,Air,3,2,1,1,BP19307,BP19308,,None,2,2,2012/2013,A,2007/2008,A,WPB-YM,WPB-OM
JetFlo,2020/2021,77,-41.29931699,174.745915,Jetscream,Florence,3,0,0,0,,,,None,1,2,2012/2013,A,2015/2016,A,WPB-YM,PBM-PBB
JetMeg,2014/2015,28,-41.29990297,174.745976,Jetscream,Megatron,2,2,2,2,BP10165,BP10164,,None,1,1,2012/2013,A,2012/2013,A+,WPB-YM,YM-GW
JetMeg,2015/2016,4,-41.29999199,174.747245,Jetscream,Megatron,2,2,0,0,,,,None,1,1,2012/2013,A,2012/2013,A+,WPB-YM,YM-GW
JinPat,2022/2023,3,-41.29971,174.74657,Jinglebell,Patti,2,2,0,0,,,,C,1,1,2020/2021,FL,2020/2021,P,PM-GR,RW-PM
JinPat,2022/2023,37,-41.29984,174.74625,Jinglebell,Patti,2,0,0,0,,,,None,2,2,2020/2021,FL,2020/2021,P,PM-GR,RW-PM
JinPat,2022/2023,68,-41.29973,174.74677,Jinglebell,Patti,3,3,2,2,BP24535,BP24536,BP24534,None,3,3,2020/2021,FL,2020/2021,P,PM-GR,RW-PM
JunBen,2015/2016,62,-41.29832701,174.747673,Junior,Bendy leg,2,2,2,2,BP10191,BP10192,,None,1,1,2014/2015,P,UNKNOWN,,BY-GM,UNKNOWN
KahHaz,2021/2022,388,-41.30005,174.7439,Kahurangi,Hazel,2,2,0,0,NA,,,None,1,1,2019/2020,P,2020/2021,A,SM-BB,GY-PM
KahKur,2020/2021,28,-41.30005402,174.743899,Kahurangi,Kura,2,1,1,1,BP19412,,,None,1,1,2019/2020,P,2019/2020,A,SM-BB,RS-SM
KahKur,2021/2022,71,-41.29971,174.74428,Kahurangi,Kura,3,3,2,2,BP22851,BP22849,,None,2,2,2019/2020,P,2019/2020,A,SM-BB,RS-SM
KetMus,2019/2020,75,-41.30060798,174.742932,Ketchup,Mustard,2,2,0,0,,,,C,2,2,2018/2019,P,2018/2019,A,OM-GW,BM-GO
KetMus,2020/2021,23,-41.30040698,174.742677,Ketchup,Mustard,2,0,0,0,NA,,,None,1,1,2018/2019,P,2018/2019,A,OM-GW,BM-GO
LeoMar,2014/2015,17,-41.30134902,174.746163,Leonardo,Marvel,2,1,1,1,BP10154,,,None,1,1,2012/2013,A+,2012/2013,A+,YM-PBG,YM-WG
LeoMar,2015/2016,0,-41.30149604,174.745887,Leonardo,Marvel,2,2,0,0,BP11306,,,None,1,1,2012/2013,A+,2012/2013,A+,YM-PBG,YM-WG
LeoMar,2015/2016,44,-41.30147399,174.746255,Leonardo,Marvel,3,3,3,3,BP10183,BP10184,BP10185,None,2,2,2012/2013,A+,2012/2013,A+,YM-PBG,YM-WG
LeoMar,2016/2017,6,-41.30131801,174.74638,Leonardo,Marvel,2,2,2,1,BP13831,BP13832,,None,1,1,2012/2013,A+,2012/2013,A+,YM-PBG,YM-WG
LucBin,2014/2015,13,-41.29867896,174.745692,Lucky,Bingley,2,2,2,2,BP10107,BP10109,,None,1,1,2012/2013,A,2012/2013,A,BY-YM,PBY-YM
LucBin,2015/2016,3,-41.29882799,174.745531,Lucky,Bingley,2,2,2,2,BP10179,BP13805,,None,1,1,2012/2013,A,2012/2013,A,BY-YM,PBY-YM
LucBin,2015/2016,78,-41.29885599,174.745578,Lucky,Bingley,2,0,0,0,,,,None,2,2,2012/2013,A,2012/2013,A,BY-YM,PBY-YM
LucBin,2016/2017,14,-41.29872699,174.745583,Lucky,Bingley,2,0,0,0,,,,None,1,1,2012/2013,A,2012/2013,A,BY-YM,PBY-YM
LucBin,2016/2017,44,-41.29852298,174.745614,Lucky,Bingley,3,2,2,2,BP13856,BP13857,,None,2,2,2012/2013,A,2012/2013,A,BY-YM,PBY-YM
LucGam,2017/2018,15,-41.298929,174.745403,Lucky,Gamble,2,2,2,2,BP11373,BP11374,,None,1,1,2012/2013,A,2016/2017,P,BY-YM,RM-YG
MacLou,2018/2019,49,-41.30086698,174.746305,Machiavelli,Louise,2,0,0,0,,,,None,1,1,2016/2017,P,2017/2018,FL,RM-FPG,PGM-RG
MacLou,2018/2019,91,-41.301029,174.746187,Machiavelli,Louise,2,0,0,0,,,,None,2,2,2016/2017,P,2017/2018,FL,RM-FPG,PGM-RG
MacMar,2019/2020,20,-41.30091098,174.746207,Machiavelli,Marvel,2,0,0,0,,,,E,1,1,2016/2017,P,2012/2013,A+,RM-FPG,YM-WG
MacMar,2019/2020,40,-41.30086597,174.746035,Machiavelli,Marvel,3,3,2,2,BP19380,BP19381,BP19382,None,2,2,2016/2017,P,2012/2013,A+,RM-FPG,YM-WG
MacMar,2020/2021,26,-41.300497,174.745998,Machiavelli,Marvel,2,0,0,0,NA,,,E,1,1,2016/2017,P,2012/2013,A+,RM-FPG,YM-WG
MacMar,2020/2021,42,-41.30082901,174.746162,Machiavelli,Marvel,3,0,0,0,NA,,,None,2,2,2016/2017,P,2012/2013,A+,RM-FPG,YM-WG
MacMar,2020/2021,77,-41.30085097,174.745724,Machiavelli,Marvel,3,3,2,1,BP22742,BP22741,BP22740,None,3,3,2016/2017,P,2012/2013,A+,RM-FPG,YM-WG
MacMar,2021/2022,14,-41.30116,174.74599,Machiavelli,Marvel,2,2,2,2,BP19427,BP19428,,None,1,1,2016/2017,P,2012/2013,A+,RM-FPG,YM-WG
MacMar,2021/2022,73,-41.30074,174.74632,Machiavelli,Marvel,3,2,2,2,BP22874,BP22873,,None,2,2,2016/2017,P,2012/2013,A+,RM-FPG,YM-WG
MacMar,2022/2023,44,-41.30117,174.74591,Machiavelli,Marvel,1,1,1,1,BP24512,,,None,1,1,2016/2017,P,2012/2013,A+,RM-FPG,YM-WG
MacMay,2017/2018,47,-41.30143904,174.745785,Machiavelli,Mayhem,2,2,1,1,BP17408,BP17409,,None,1,1,2016/2017,P,2016/2017,A,RM-FPG,GB-RM
MarDoc,2014/2015,24,-41.30014697,174.744566,Marty,Doc,2,2,2,2,BP10102,BP10103,,None,1,1,2012/2013,A+,2011/2012,A,YFP-YM,KM-FPG
MarDoc,2015/2016,14,-41.30032601,174.744232,Marty,Doc,2,0,0,0,,,,None,1,1,2012/2013,A+,2011/2012,A,YFP-YM,KM-FPG
MarDoc,2015/2016,25,-41.30078198,174.744035,Marty,Doc,2,2,2,2,BP11319,BP11320,,None,2,2,2012/2013,A+,2011/2012,A,YFP-YM,KM-FPG
MarMcF,2016/2017,29,-41.30004203,174.7445,Marty,McFly,2,0,0,0,,,,None,1,1,2012/2013,A+,2015/2016,A,YFP-YM,PBM-FPW
MarMcF,2016/2017,58,-41.30002904,174.744547,Marty,McFly,2,2,2,2,BP13891,BP13895,,None,2,2,2012/2013,A+,2015/2016,A,YFP-YM,PBM-FPW
MarMcF,2017/2018,19,-41.30041997,174.744553,Marty,McFly,2,2,2,2,BP11376,BP11377,,None,1,1,2012/2013,A+,2015/2016,A,YFP-YM,PBM-FPW
MarSky,2018/2019,17,-41.30038502,174.744467,Marty,Sky,2,0,0,0,,,,None,1,1,2012/2013,A+,2017/2018,P,YFP-YM,PBPB-PGM
MicMon,2016/2017,29,-41.30192301,174.743133,Michaelangelo,Mona,2,1,0,0,,,,None,1,1,2012/2013,A+,2015/2016,A,OG-YM,PBM-RB
MicMon,2016/2017,62,-41.30148103,174.743344,Michaelangelo,Mona,3,2,1,1,BP13868,,,None,2,2,2012/2013,A+,2015/2016,A,OG-YM,PBM-RB
MicMon,2017/2018,27,-41.30213398,174.743126,Michaelangelo,Mona,2,0,0,0,,,,E,1,1,2012/2013,A+,2015/2016,A,OG-YM,PBM-RB
MicMon,2017/2018,40,-41.30214899,174.743362,Michaelangelo,Mona,2,2,0,0,,,,C,2,2,2012/2013,A+,2015/2016,A,OG-YM,PBM-RB
MicMon,2017/2018,82,-41.302453,174.743544,Michaelangelo,Mona,2,0,0,0,,,,E,3,3,2012/2013,A+,2015/2016,A,OG-YM,PBM-RB
MicMon,2017/2018,100,-41.30208696,174.743363,Michaelangelo,Mona,2,2,2,1,BP17437,BP17438,,None,4,4,2012/2013,A+,2015/2016,A,OG-YM,PBM-RB
MicRog,2014/2015,96,-41.30191002,174.74302,Michaelangelo,Rogue,2,2,2,0,BP10135,BP10136,,None,0,0,2012/2013,A+,2013/2014,A,OG-YM,YM-OO
MicRog,2015/2016,63,-41.30180298,174.74332,Michaelangelo,Rogue,2,2,2,1,BP10194,BP10195,,None,1,1,2012/2013,A+,2013/2014,A,OG-YM,YM-OO
MisMay,2018/2019,23,-41.30139797,174.745649,Mischief,Mayhem,2,0,0,0,,,,Y,1,1,2016/2017,P,2016/2017,A,RM-RFP,GB-RM
MisMay,2018/2019,51,-41.30155899,174.745526,Mischief,Mayhem,3,0,0,0,,,,Y,2,2,2016/2017,P,2016/2017,A,RM-RFP,GB-RM
MisQue,2017/2018,40,-41.30098801,174.746166,Mischief,Queen,2,2,2,2,BP17424,BP17425,,None,1,1,2016/2017,P,2012/2013,A+,RM-RFP,YM-RFP
MufSar,2015/2016,6,-41.30140803,174.744164,Mufasa,Sarabi,2,2,2,2,BP11302,BP11303,,None,1,1,2013/2014,A,2014/2015,A,YM-YPB,YM-OPB
MufSar,2015/2016,82,-41.301503,174.7445,Mufasa,Sarabi,2,0,0,0,,,,E,2,2,2013/2014,A,2014/2015,A,YM-YPB,YM-OPB
MufSar,2016/2017,6,-41.30148799,174.744041,Mufasa,Sarabi,2,2,1,1,BP13828,,,None,1,1,2013/2014,A,2014/2015,A,YM-YPB,YM-OPB
MufSar,2016/2017,80,-41.301432,174.744365,Mufasa,Sarabi,3,3,3,3,BP13863,BP13862,BP13861,None,2,2,2013/2014,A,2014/2015,A,YM-YPB,YM-OPB
NepHon,2021/2022,24,-41.30006,174.74324,Neptune,Honey,3,2,2,2,BP22789,BP22790,,None,1,1,2020/2021,P,2020/2021,P,PM-WB,GB-PM
OGJan,2014/2015,14,-41.29735303,174.745576,OG,Jane Doe,2,2,1,1,BP10162,,,None,1,1,2011/2012,A,UNKNOWN,,OG-KM,UNKNOWN
OGJan,2014/2015,70,-41.29714097,174.745924,OG,Jane Doe,3,0,0,0,,,,E,2,2,2011/2012,A,UNKNOWN,,OG-KM,UNKNOWN
OGTot,2016/2017,29,-41.29708498,174.745947,OG,Toto,3,0,0,0,,,,E,1,2,2011/2012,A,2014/2015,A,OG-KM,YM-RR
OM-BY-,2020/2021,44,0,0,Oscar,Lucy,2,1,1,1,BP22770,,,None,1,1,2018/2019,FL,2019/2020,A,OM-YO,BY-PM
OptFox,2014/2015,42,-41.30067201,174.746266,Optimus Prime,Fox,2,1,1,1,BP10170,,,None,1,1,2013/2014,J,2013/2014,J,PBR-YM,YM-FPY
OptFox,2015/2016,32,-41.30054201,174.746068,Optimus Prime,Fox,2,0,0,0,,,,E,1,1,2013/2014,J,2013/2014,J,PBR-YM,YM-FPY
OptFox,2015/2016,53,-41.300483,174.745493,Optimus Prime,Fox,2,2,2,1,BP13814,,,None,2,2,2013/2014,J,2013/2014,J,PBR-YM,YM-FPY
OptMar,2016/2017,75,-41.3009,174.745526,Optimus Prime,Marvel,3,1,0,0,,,,C,1,2,2013/2014,J,2012/2013,A+,PBR-YM,YM-WG
OptMar,2016/2017,111,-41.30099203,174.74574,Optimus Prime,Marvel,2,0,0,0,,,,None,2,3,2013/2014,J,2012/2013,A+,PBR-YM,YM-WG
OptMar,2017/2018,6,-41.301001,174.745808,Optimus Prime,Marvel,2,2,2,2,BP11365,BP11366,,None,1,1,2013/2014,J,2012/2013,A+,PBR-YM,YM-WG
OptMar,2017/2018,83,-41.30095499,174.745715,Optimus Prime,Marvel,2,2,1,0,BP17431,BP17432,,C,2,2,2013/2014,J,2012/2013,A+,PBR-YM,YM-WG
OptMar,2018/2019,28,-41.30057302,174.745736,Optimus Prime,Marvel,2,0,0,0,,,,None,1,1,2013/2014,J,2012/2013,A+,PBR-YM,YM-WG
OptMar,2018/2019,64,-41.30126797,174.745731,Optimus Prime,Marvel,3,2,1,1,BP19312,BP19313,,None,2,2,2013/2014,J,2012/2013,A+,PBR-YM,YM-WG
OriHui,2017/2018,25,-41.30073404,174.746208,Orion,Huia,2,2,2,1,BP11385,BP11386,,None,1,1,2015/2016,FL,2015/2016,P,PBR-PBM,PBM-RFP
OriThe,2018/2019,41,-41.30051997,174.745966,Orion,Thelma,2,2,2,2,BP17568,BP17569,,None,1,1,2015/2016,FL,2017/2018,P,PBR-PBM,RG-PGM
OscLuc,2021/2022,16,-41.29906,174.74692,Oscar,Lucy,2,1,1,1,UB00002,,,None,1,2,2018/2019,FL,2019/2020,A,OM-YO,BY-PM
OscLuc,2022/2023,4,-41.2991,174.74709,Oscar,Lucy,2,2,2,2,BP23451,BP23452,,None,1,1,2018/2019,FL,2019/2020,A,OM-YO,BY-PM
OscLuc,2022/2023,67,-41.29907,174.74699,Oscar,Lucy,2,2,2,2,.UB-UB,.UB-UB,,None,2,2,2018/2019,FL,2019/2020,A,OM-YO,BY-PM
OtiMil,2021/2022,29,-41.30077,174.74533,Otis,Milo,2,2,2,0,BP22807,BP22808,,None,1,1,2020/2021,P,2020/2021,FL,YY-PM,PM-GB
OtiMil,2021/2022,82,-41.30097,174.74565,Otis,Milo,2,2,2,1,BP22864,BP22865,,None,2,2,2020/2021,P,2020/2021,FL,YY-PM,PM-GB
OtiMil,2022/2023,13,-41.30047,174.74594,Otis,Milo,2,2,2,1,BP22895,BP22896,,None,1,1,2020/2021,P,2020/2021,FL,YY-PM,PM-GB
OtiMil,2022/2023,62,-41.30088,174.74554,Otis,Milo,2,2,2,1,BP24529,BP24530,,None,2,2,2020/2021,P,2020/2021,FL,YY-PM,PM-GB
OttLin,2020/2021,24,-41.29614403,174.7469,Otto,Linghi,2,0,0,0,NA,,,E,1,1,2018/2019,P,2019/2020,A,OM-BB,BS-SM
OttLin,2020/2021,47,0,0,Otto,Linghi,2,0,0,0,NA,,,None,2,2,2018/2019,P,2019/2020,A,OM-BB,BS-SM
OttLin,2020/2021,60,0,0,Otto,Linghi,2,2,2,2,BP22729,BP22730,,None,3,3,2018/2019,P,2019/2020,A,OM-BB,BS-SM
PabMus,2022/2023,55,-41.30085,174.74252,Pablo,Mustard,2,2,2,2,BP23456,BP24553,,None,1,2,2021/2022,P,2018/2019,A,GM-BG,BM-GO
PapPep,2021/2022,22,-41.30153,174.74223,Paprika,Pepper,2,1,1,1,BP19429,,,None,1,1,2019/2020,P,2015/2016,FL,SM-WR,PBM-WY
PapPep,2021/2022,70,-41.30172,174.74257,Paprika,Pepper,2,2,2,2,BP22845,BP22844,,None,2,2,2019/2020,P,2015/2016,FL,SM-WR,PBM-WY
PapPep,2022/2023,10,-41.30135,174.74243,Paprika,Pepper,2,2,2,2,BP23453,BP23454,,None,1,1,2019/2020,P,2015/2016,FL,SM-WR,PBM-WY
PapPep,2022/2023,69,-41.30145,174.74266,Paprika,Pepper,2,0,0,0,,,,E,2,2,2019/2020,P,2015/2016,FL,SM-WR,PBM-WY
PapPep,2022/2023,90,-41.30141,174.74277,Paprika,Pepper,2,2,2,2,BP23462,BP24570,,None,3,3,2019/2020,P,2015/2016,FL,SM-WR,PBM-WY
PatFit,2015/2016,18,-41.29948899,174.744377,Patrick,Fitz,2,0,0,0,,,,None,1,1,2014/2015,P,2012/2013,A+,FPR-GM,YPB-YM
PatFit,2015/2016,42,-41.299822,174.744287,Patrick,Fitz,2,0,0,0,,,,None,2,2,2014/2015,P,2012/2013,A+,FPR-GM,YPB-YM
PatFit,2015/2016,63,-41.29983198,174.744079,Patrick,Fitz,2,2,0,0,,,,C,3,3,2014/2015,P,2012/2013,A+,FPR-GM,YPB-YM
PatFit,2016/2017,16,-41.29998202,174.743817,Patrick,Fitz,2,2,1,1,BP13880,,,None,1,1,2014/2015,P,2012/2013,A+,FPR-GM,YPB-YM
PatFit,2016/2017,68,-41.29959502,174.744361,Patrick,Fitz,2,0,0,0,,,,E,2,2,2014/2015,P,2012/2013,A+,FPR-GM,YPB-YM
PatFit,2016/2017,86,-41.29995796,174.74434,Patrick,Fitz,3,2,0,0,,,,None,3,3,2014/2015,P,2012/2013,A+,FPR-GM,YPB-YM
PatFit,2017/2018,28,-41.30012903,174.743983,Patrick,Fitz,2,1,1,1,BP11390,,,None,1,1,2014/2015,P,2012/2013,A+,FPR-GM,YPB-YM
PatFit,2017/2018,85,-41.299792,174.744111,Patrick,Fitz,2,2,2,2,BP17443,BP17444,,None,2,2,2014/2015,P,2012/2013,A+,FPR-GM,YPB-YM
PatFit,2018/2019,15,-41.29983198,174.744349,Patrick,Fitz,2,2,2,2,BP17588,BP19332,,None,1,1,2014/2015,P,2012/2013,A+,FPR-GM,YPB-YM
PatFit,2018/2019,71,-41.299865,174.744154,Patrick,Fitz,2,1,1,1,BP19317,,,None,3,2,2014/2015,P,2012/2013,A+,FPR-GM,YPB-YM
PatMad,2018/2019,38,-41.30038904,174.742977,Patrick,Madonna,2,2,2,2,BP17561,BP17562,,None,2,1,2014/2015,P,2015/2016,A,FPR-GM,PBM-WK
PatMad,2019/2020,13,-41.30036004,174.743103,Patrick,Madonna,2,2,1,0,BP19353,BP19354,,None,1,1,2014/2015,P,2015/2016,A,FPR-GM,PBM-WK
PatMad,2019/2020,64,-41.30007296,174.743325,Patrick,Madonna,2,0,0,0,,,,E,2,2,2014/2015,P,2015/2016,A,FPR-GM,PBM-WK
pBpFit,2014/2015,75,-41.29951699,174.745143,pBpB-YM,Fitz,3,2,1,1,BP10126,BP10127,,None,1,2,2013/2014,J,2012/2013,A+,PBPB-YM,YPB-YM
PepBoo,2019/2020,33,-41.29893403,174.745947,Pepe,Piper,2,0,0,0,,,,,1,1,2017/2018,P,2018/2019,A,PGM-OPG,OO-BM
PepBoo,2019/2020,61,-41.29906696,174.745842,Pepe,Piper,2,2,2,2,BP19433,BP19434,,,2,2,2017/2018,P,2018/2019,A,PGM-OPG,OO-BM
PepCer,2020/2021,103,-41.29828,174.74643,Pepe,Cersei,2,0,0,0,NA,,,E,2,3,2017/2018,P,2014/2015,P,PGM-OPG,GM-YR
PepGam,2021/2022,3,-41.29876,174.74582,Pepe,Gamble,2,1,0,0,NA,,,C,1,1,2017/2018,P,2016/2017,P,PGM-OPG,RM-YG
PepGam,2021/2022,32,-41.29866,174.7457,Pepe,Gamble,2,1,0,0,,,,None,2,2,2017/2018,P,2016/2017,P,PGM-OPG,RM-YG
PepGam,2021/2022,68,-41.2989,174.74553,Pepe,Gamble,3,2,2,2,BP22846,BP22847,,None,3,3,2017/2018,P,2016/2017,P,PGM-OPG,RM-YG
PepGam,2022/2023,2,-41.29866,174.7458,Pepe,Gamble,2,0,0,0,,,,None,1,1,2017/2018,P,2016/2017,P,PGM-OPG,RM-YG
PepGam,2022/2023,34,-41.2987,174.74582,Pepe,Gamble,2,2,1,1,BP24505,,,None,2,2,2017/2018,P,2016/2017,P,PGM-OPG,RM-YG
PetHei,2019/2020,51,-41.29807798,174.746245,Peter,Heidi,2,2,2,2,BP19392,BP19393,,None,1,1,2018/2019,P,2018/2019,P,WG-OM,OM-RK
PicMus,2020/2021,49,-41.30040899,174.742718,Pickle,Mustard,2,0,0,0,NA,,,E,1,2,2019/2020,A,2018/2019,A,SM-OS,BM-GO
PicMus,2020/2021,76,-41.30044302,174.743242,Pickle,Mustard,3,3,3,3,BP22748,BP22747,BP22746,None,2,3,2019/2020,A,2018/2019,A,SM-OS,BM-GO
PieApp,2017/2018,40,-41.29898499,174.745672,Pie,Apple,2,2,1,1,BP17415,,,None,1,1,2015/2016,A,2016/2017,FL,PBM-WB,RM-OW
PipTyu,2022/2023,59,-41.30055,174.7429,Pippin,Tyuk,2,2,2,2,BP24552,BP24554,,None,1,2,2021/2022,P,2019/2020,A,GM-WB,SM-WS
RapApr,2014/2015,13,-41.30096203,174.745096,Raphael,April,2,1,1,0,BP10158,,,None,1,1,2012/2013,A+,2013/2014,A,RG-YM,YM-RG
RapApr,2014/2015,67,-41.30140099,174.745007,Raphael,April,3,2,1,1,BP10112,,,None,2,2,2012/2013,A+,2013/2014,A,RG-YM,YM-RG
RapApr,2015/2016,2,-41.30144097,174.744732,Raphael,April,2,2,1,1,BP11304,BP11305,,None,1,1,2012/2013,A+,2013/2014,A,RG-YM,YM-RG
RavTag,2018/2019,10,-41.29846699,174.747146,Rav,Tag,2,1,1,1,BP17526,,,,1,1,2016/2017,A+,2015/2016,A+,OW-RM,RM-RB
RB-Fit,2014/2015,9,-41.29901902,174.745387,RB-YM,Fitz,2,1,1,1,B100099,,,None,1,1,2011/2012,A+,2012/2013,A+,RB-YM,YPB-YM
RioHav,2021/2022,29,-41.30068,174.74402,Rio,Havana,2,2,0,0,NA,,,None,1,1,2020/2021,P,2020/2021,P,RR-PM,YG-PM
RobRox,2019/2020,52,-41.29765503,174.745899,Robbie,Roxanne,2,0,0,0,,,,None,1,1,2016/2017,FL,2018/2019,FL,RM-PBK,BG-OM
RobRox,2019/2020,76,-41.29742201,174.746252,Robbie,Roxanne,3,1,1,1,BP19445,,,None,2,2,2016/2017,FL,2018/2019,FL,RM-PBK,BG-OM
RobRox,2020/2021,20,-41.29735798,174.746384,Robbie,Roxanne,2,1,1,1,BP19492,,,None,1,1,2016/2017,FL,2018/2019,FL,RM-PBK,BG-OM
RobRox,2020/2021,64,-41.29762201,174.746038,Robbie,Roxanne,2,2,2,2,BP22760,BP22762,,None,2,2,2016/2017,FL,2018/2019,FL,RM-PBK,BG-OM
RobRox,2021/2022,10,-41.29768,174.74596,Robbie,Roxanne,2,1,1,1,BP22834,,,None,1,1,2016/2017,FL,2018/2019,FL,RM-PBK,BG-OM
RobRox,2021/2022,57,-41.29774,174.74615,Robbie,Roxanne,2,2,2,2,BP22866,BP22867,,None,2,2,2016/2017,FL,2018/2019,FL,RM-PBK,BG-OM
RobSco,2018/2019,10,-41.297722,174.746057,Robbie,Scout,3,2,2,2,BP17533,BP17534,,None,1,1,2016/2017,FL,2015/2016,A,RM-PBK,YW-WM
RobSco,2018/2019,70,-41.29746803,174.746254,Robbie,Scout,2,1,1,1,BP19322,,,None,2,2,2016/2017,FL,2015/2016,A,RM-PBK,YW-WM
RobTBC,2022/2023,2,-41.29762,174.74731,Robbie,TBC,2,1,1,0,BP22890,,,None,1,1,2016/2017,FL,2021/2022,A,RM-PBK,GM-OS
RobTBC,2022/2023,45,-41.29759,174.74722,Robbie,TBC,3,1,1,1,BP24514,,,None,2,2,2016/2017,FL,2021/2022,A,RM-PBK,GM-OS
RokTyu,2020/2021,60,-41.30067201,174.742958,Roka,Tyuk,2,2,2,2,BP19415,BP19416,,None,1,1,2019/2020,FL,2019/2020,A,OO-SM,SM-WS
RokTyu,2021/2022,15,-41.3008,174.74306,Roka,Tyuk,2,0,0,0,NA,,,E,1,1,2019/2020,FL,2019/2020,A,OO-SM,SM-WS
RokTyu,2021/2022,36,-41.30064,174.74283,Roka,Tyuk,2,1,1,0,NA,,,None,2,2,2019/2020,FL,2019/2020,A,OO-SM,SM-WS
RokTyu,2021/2022,79,-41.30066,174.7429,Roka,Tyuk,2,2,1,1,BP22877,,,None,3,3,2019/2020,FL,2019/2020,A,OO-SM,SM-WS
RoyHol,2019/2020,53,-41.29635299,174.746999,Roy,Holly,3,1,1,0,BP19391,,,None,2,2,2011/2012,A+,2016/2017,A,KM-OO,KM-YY
SalPep,2016/2017,27,-41.30078601,174.742541,Salt,Pepper,2,2,2,2,BP13867,BP13869,,None,1,1,2015/2016,A,2015/2016,FL,WY-PBM,PBM-WY
SalPep,2017/2018,20,-41.300885,174.742444,Salt,Pepper,2,2,1,1,BP17414,,,None,1,1,2015/2016,A,2015/2016,FL,WY-PBM,PBM-WY
ScoDap,2014/2015,31,-41.30046699,174.745263,Scooby,Daphne,2,0,0,0,,,,None,1,1,2012/2013,A,2012/2013,A,YR-YM,YG-YM
ScoDap,2014/2015,59,-41.30057,174.74504,Scooby,Daphne,2,0,0,0,,,,None,2,2,2012/2013,A,2012/2013,A,YR-YM,YG-YM
ScoDap,2014/2015,97,-41.300238,174.74528,Scooby,Daphne,2,2,2,2,BP10131,BP10132,,None,3,3,2012/2013,A,2012/2013,A,YR-YM,YG-YM
ScoDap,2015/2016,39,-41.30042802,174.74544,Scooby,Daphne,2,2,2,1,BP10143,BP10144,,None,1,1,2012/2013,A,2012/2013,A,YR-YM,YG-YM
ScoDap,2016/2017,14,-41.30038703,174.745789,Scooby,Daphne,2,0,0,0,,,,None,1,1,2012/2013,A,2012/2013,A,YR-YM,YG-YM
ScoDap,2016/2017,51,-41.30017304,174.745644,Scooby,Daphne,2,0,0,0,,,,None,2,2,2012/2013,A,2012/2013,A,YR-YM,YG-YM
ScoDol,2020/2021,52,-41.30037798,174.74531,Scotty,Dolores,2,1,1,1,BP22749,,,None,2,2,2019/2020,P,2019/2020,FL,WG-SM,SM-OR
ScoDol,2021/2022,11,-41.30042,174.7451,Scotty,Dolores,2,1,1,0,NA,,,None,1,1,2019/2020,P,2019/2020,FL,WG-SM,SM-OR
ScoDol,2021/2022,57,-41.30061,174.74483,Scotty,Dolores,3,2,2,2,BP22836,BP22837,,None,2,2,2019/2020,P,2019/2020,FL,WG-SM,SM-OR
ScoNov,2022/2023,45,-41.30013,174.74596,Scooby,Nova,2,0,0,0,,,,None,1,1,2012/2013,A,2021/2022,P,YR-YM,GM-OB
ScoNov,2022/2023,74,-41.30048,174.74617,Scooby,Nova,3,2,2,2,BP24537,BP24538,,None,2,2,2012/2013,A,2021/2022,P,YR-YM,GM-OB
ScoSun,2017/2018,37,-41.30032601,174.745752,Scooby,Sunny,2,2,2,2,BP11395,BP11396,,None,1,1,2012/2013,A,2016/2017,P,YR-YM,RM-YY
ScoSun,2018/2019,11,-41.29999802,174.745579,Scooby,Sunny,2,2,2,2,BP17527,BP17528,,None,1,1,2012/2013,A,2016/2017,P,YR-YM,RM-YY
ScoSun,2018/2019,67,-41.300368,174.745847,Scooby,Sunny,2,2,1,1,BP19314,,,None,2,2,2012/2013,A,2016/2017,P,YR-YM,RM-YY
ScoSun,2019/2020,19,-41.30020103,174.74573,Scooby,Sunny,2,1,1,1,BP19359,,,None,1,1,2012/2013,A,2016/2017,P,YR-YM,RM-YY
ScoSun,2019/2020,84,-41.30027404,174.745493,Scooby,Sunny,3,0,0,0,,,,E,2,2,2012/2013,A,2016/2017,P,YR-YM,RM-YY
ScoSun,2020/2021,16,-41.30042902,174.745846,Scooby,Sunny,2,2,2,2,BP19486,BP19487,,None,1,1,2012/2013,A,2016/2017,P,YR-YM,RM-YY
ScoSun,2020/2021,73,-41.300239,174.745884,Scooby,Sunny,2,2,2,2,BP22735,BP22736,,None,2,2,2012/2013,A,2016/2017,P,YR-YM,RM-YY
ScoSun,2021/2022,8,-41.30009,174.74564,Scooby,Sunny,2,2,0,0,NA,,,None,1,1,2012/2013,A,2016/2017,P,YR-YM,RM-YY
ScrDai,2022/2023,44,-41.3003,174.746,Scrappy,Daisy,2,2,2,2,BP24510,BP24511,,None,1,1,2020/2021,A,2021/2022,A,PM-YB,GY-GM
ScrHav,2021/2022,79,-41.30024,174.74593,Scrappy,Havana,3,3,3,3,BP22880,BP22881,BP22883,None,1,2,2020/2021,A,2020/2021,P,PM-YB,YG-PM
ShaKin,2015/2016,51,-41.300541,174.744222,Shadow,Kina,2,2,1,1,BP13808,,,None,1,1,2012/2013,A+,2014/2015,FL,FPY-YM,RPB-GM
ShaOmb,2014/2015,29,-41.30109999,174.744372,Shadow,Ombra,2,0,0,0,,,,E,1,1,2012/2013,A+,2007/2008,U,FPY-YM,OW-OM
ShaOmb,2014/2015,42,-41.30083202,174.744195,Shadow,Ombra,2,2,0,0,BP10167,BP10168,,C,2,2,2012/2013,A+,2007/2008,U,FPY-YM,OW-OM
ShaOmb,2014/2015,85,-41.30053304,174.744144,Shadow,Ombra,2,2,2,2,BP10141,BP10139,,None,3,3,2012/2013,A+,2007/2008,U,FPY-YM,OW-OM
ShaTai,2016/2017,28,-41.30070504,174.744048,Shadow,Tails,2,1,1,1,BP13847,,,None,1,1,2012/2013,A+,2015/2016,A,FPY-YM,xx-PBM
ShaTai,2016/2017,80,-41.300742,174.744261,Shadow,Tails,3,3,3,2,BP13884,BP13886,BP13885,None,2,2,2012/2013,A+,2015/2016,A,FPY-YM,xx-PBM
ShaTai,2017/2018,23,-41.30079397,174.744568,Shadow,Tails,2,2,2,1,BP11383,BP11384,,None,1,1,2012/2013,A+,2015/2016,A,FPY-YM,xx-PBM
ShrPep,2018/2019,14,-41.30080696,174.742316,Shredder,Pepper,2,2,2,2,BP17535,BP17536,,None,1,1,2016/2017,P,2015/2016,FL,WW-RM,PBM-WY
ShrPep,2019/2020,15,-41.30121298,174.742473,Shredder,Pepper,2,2,2,2,BP19407,BP19408,,None,1,1,2016/2017,P,2015/2016,FL,WW-RM,PBM-WY
SkePat,2021/2022,36,-41.30015,174.74667,Skeet,Patti,3,0,0,0,NA,,,None,1,1,2013/2014,J,2020/2021,P,WG-YM,RW-PM
SkePat,2021/2022,69,-41.30038,174.74638,Skeet,Patti,2,1,1,1,BP22843,,,None,2,2,2013/2014,J,2020/2021,P,WG-YM,RW-PM
SmeLuc,2021/2022,72,-41.29902,174.74658,Smeagol,Lucy,3,2,2,2,BP22854,BP22855,,None,1,2,2020/2021,FL,2019/2020,A,BW-PM,BY-PM
SmeNem,2022/2023,1,-41.29897,174.74663,Smeagol,Nemo,2,2,2,1,BP24506,,,None,1,1,2020/2021,FL,2020/2021,P,BW-PM,PM-BG
SmeNem,2022/2023,53,-41.299,174.74623,Smeagol,Nemo,3,2,2,1,BP24523,BP24524,,None,2,2,2020/2021,FL,2020/2021,P,BW-PM,PM-BG
SonRox,2022/2023,-4,-41.29758,174.74617,Sonny,Roxanne,2,0,0,0,,,,E,1,1,2021/2022,FL,2018/2019,FL,GM-GO,BG-OM
SonRox,2022/2023,23,-41.29749,174.74634,Sonny,Roxanne,3,2,2,2,BP22897,BP22898,,None,2,2,2021/2022,FL,2018/2019,FL,GM-GO,BG-OM
SonRox,2022/2023,73,-41.29741,174.74631,Sonny,Roxanne,2,2,2,2,BP24566,BP24569,,None,3,3,2021/2022,FL,2018/2019,FL,GM-GO,BG-OM
SpaBen,2016/2017,10,-41.29794102,174.746783,Spark,Bendy leg,2,2,0,0,,,,C,1,1,2014/2015,P,UNKNOWN,,GPB-GM,UNKNOWN
SpaCer,2018/2019,6,-41.29775,174.746673,Spark,Cersei,2,0,0,0,,,,None,1,1,2014/2015,P,2014/2015,P,GPB-GM,GM-YR
SpaCer,2018/2019,19,-41.29796198,174.746556,Spark,Cersei,2,2,2,2,UB00004,BP17600,,None,2,2,2014/2015,P,2014/2015,P,GPB-GM,GM-YR
SpaCer,2019/2020,10,-41.29764204,174.746713,Spark,Cersei,2,1,0,0,,,,C,1,1,2014/2015,P,2014/2015,P,GPB-GM,GM-YR
SpaCer,2019/2020,45,-41.29746904,174.74659,Spark,Cersei,3,2,2,2,BP19378,BP19379,,None,2,2,2014/2015,P,2014/2015,P,GPB-GM,GM-YR
SpaCer,2020/2021,32,-41.29796701,174.746816,Spark,Cersei,3,3,3,3,BP22714,BP22713,BP22712,None,2,2,2014/2015,P,2014/2015,P,GPB-GM,GM-YR
SpaCer,2021/2022,8,-41.29782,174.74667,Spark,Cersei,2,1,1,0,BP19425,,,None,1,1,2014/2015,P,2014/2015,P,GPB-GM,GM-YR
SpaCer,2021/2022,62,-41.29791,174.74686,Spark,Cersei,3,0,0,0,NA,,,E,2,2,2014/2015,P,2014/2015,P,GPB-GM,GM-YR
SpaCer,2021/2022,76,-41.29789,174.74681,Spark,Cersei,2,2,2,2,BP22876,BP22878,,None,3,3,2014/2015,P,2014/2015,P,GPB-GM,GM-YR
SpaCer,2022/2023,26,-41.29806,174.74672,Spark,Cersei,3,0,0,0,,,,E,1,1,2014/2015,P,2014/2015,P,GPB-GM,GM-YR
SpaCer,2022/2023,45,-41.29784,174.74673,Spark,Cersei,3,1,1,1,BP24516,,,None,2,2,2014/2015,P,2014/2015,P,GPB-GM,GM-YR
SpaCer,2022/2023,99,-41.29811,174.7469,Spark,Cersei,2,1,1,1,BP24572,,,None,3,3,2014/2015,P,2014/2015,P,GPB-GM,GM-YR
SpaMac,2017/2018,21,-41.29780004,174.746636,Spark,Mac,1,0,0,0,,,,None,1,1,2014/2015,P,2006/2007,A,GPB-GM,OM-YW
SpaMac,2017/2018,49,-41.29779,174.74687,Spark,Mac,2,0,0,0,,,,None,2,2,2014/2015,P,2006/2007,A,GPB-GM,OM-YW
SteDol,2022/2023,23,-41.3003,174.74493,Steven,Dolores,2,2,0,0,,,,None,1,1,2021/2022,P,2019/2020,FL,GM-RK,SM-OR
TegSar,2019/2020,50,-41.29929897,174.74533,Tegan,Sara,2,0,0,0,,,,E,1,1,2017/2018,A,2018/2019,P,BM-RB,RO-BM
TegSar,2020/2021,17,-41.29929001,174.745358,Tegan,Sara,2,0,0,0,NA,,,E,1,1,2017/2018,A,2018/2019,P,BM-RB,RO-BM
TegSar,2020/2021,35,-41.29952302,174.744968,Tegan,Sara,2,1,1,1,BP22722,,,None,2,2,2017/2018,A,2018/2019,P,BM-RB,RO-BM
TegSar,2020/2021,97,-41.29951104,174.745149,Tegan,Sara,3,3,3,2,BP22775,BP22774,,None,3,3,2017/2018,A,2018/2019,P,BM-RB,RO-BM
TegSar,2021/2022,10,-41.29926,174.74542,Tegan,Sara,2,0,0,0,NA,,,None,1,1,2017/2018,A,2018/2019,P,BM-RB,RO-BM
TegSar,2021/2022,35,-41.2996,174.74484,Tegan,Sara,2,0,0,0,,,,E,2,2,2017/2018,A,2018/2019,P,BM-RB,RO-BM
TegSar,2021/2022,46,-41.29955,174.74518,Tegan,Sara,3,3,3,3,BP22828,BP22829,BP22831,None,3,3,2017/2018,A,2018/2019,P,BM-RB,RO-BM
TegSar,2022/2023,11,-41.29906,174.74513,Tegan,Sara,2,1,1,0,,,,None,1,1,2017/2018,A,2018/2019,P,BM-RB,RO-BM
TegSar,2022/2023,65,-41.29959,174.74507,Tegan,Sara,3,3,3,3,BP24531,BP24532,BP24533,None,2,2,2017/2018,A,2018/2019,P,BM-RB,RO-BM
TesCur,2014/2015,25,-41.29735697,174.746502,Tesla,Curie,2,2,2,2,BP10153,BP10152,,None,1,1,2012/2013,A+,2012/2013,A+,GG-YM,YM-GG
TesWif,2015/2016,18,-41.29712898,174.746854,Tesla,Wiffen,2,1,1,1,BP11315,,,None,1,1,2012/2013,A+,2013/2014,A,GG-YM,YM-GB
TesWif,2015/2016,79,-41.297002,174.745988,Tesla,Wiffen,2,1,1,1,BP13817,,,None,2,2,2012/2013,A+,2013/2014,A,GG-YM,YM-GB
TesWif,2016/2017,62,-41.29712102,174.74686,Tesla,Wiffen,2,0,0,0,,,,None,2,2,2012/2013,A+,2013/2014,A,GG-YM,YM-GB
TesWif,2016/2017,87,-41.29693997,174.746021,Tesla,Wiffen,2,2,0,0,,,,C,3,3,2012/2013,A+,2013/2014,A,GG-YM,YM-GB
TroQue,2016/2017,21,-41.301001,174.745808,Trouble,Queen,2,2,1,1,BP13836,BP13837,,None,1,1,2014/2015,FL,2012/2013,A+,GM-RW,YM-RFP
TroTay,2015/2016,32,-41.30081601,174.746271,Trouble,Taylor,2,2,2,1,BP11321,BP11322,,None,1,1,2014/2015,FL,2014/2015,P,GM-RW,YPB-GM
TuiApr,2016/2017,63,-41.30134701,174.745033,Tui,April,2,2,2,2,BP13890,BP13894,,None,1,2,2015/2016,P,2013/2014,A,PBM-FPG,YM-RG
TuiApr,2017/2018,7,-41.30134701,174.745112,Tui,April,2,2,2,2,BP11363,BP11364,,None,1,1,2015/2016,P,2013/2014,A,PBM-FPG,YM-RG
TuiApr,2018/2019,0,-41.30133997,174.745019,Tui,April,2,2,0,0,,,,C,1,1,2015/2016,P,2013/2014,A,PBM-FPG,YM-RG
TuiApr,2018/2019,40,-41.30141499,174.744839,Tui,April,2,2,2,2,BP17566,BP17567,,None,2,2,2015/2016,P,2013/2014,A,PBM-FPG,YM-RG
TuiApr,2019/2020,10,-41.301489,174.745127,Tui,April,2,2,2,2,BP19351,BP19352,,None,1,1,2015/2016,P,2013/2014,A,PBM-FPG,YM-RG
TuiApr,2019/2020,65,-41.30132002,174.745053,Tui,April,3,0,0,0,,,,E,2,2,2015/2016,P,2013/2014,A,PBM-FPG,YM-RG
TuiApr,2019/2020,91,-41.30103503,174.745143,Tui,April,2,2,1,1,BP19464,,,None,3,3,2015/2016,P,2013/2014,A,PBM-FPG,YM-RG
TuiFlo,2020/2021,19,-41.300943,174.745157,Tui,Florence,2,2,2,2,BP19495,BP19496,,None,1,1,2015/2016,P,2015/2016,A,PBM-FPG,PBM-PBB
TuiFlo,2020/2021,102,-41.30110997,174.745614,Tui,Florence,2,2,1,1,BP22776,,,None,2,3,2015/2016,P,2015/2016,A,PBM-FPG,PBM-PBB
TuiFlo,2021/2022,3,-41.3015,174.74554,Tui,Florence,2,2,0,0,NA,,,None,1,1,2015/2016,P,2015/2016,A,PBM-FPG,PBM-PBB
TuiFlo,2021/2022,36,-41.30103,174.74529,Tui,Florence,2,2,2,1,BP22797,BP22798,,None,2,2,2015/2016,P,2015/2016,A,PBM-FPG,PBM-PBB
TuiFlo,2021/2022,79,-41.30111,174.74536,Tui,Florence,2,2,2,2,BP22859,BP22860,,None,3,3,2015/2016,P,2015/2016,A,PBM-FPG,PBM-PBB
VegBul,2019/2020,21,-41.30117803,174.743929,Vegeta,Bulma,2,2,2,1,BP19363,BP19364,,None,1,1,2017/2018,P,2018/2019,P,OR-PGM,RY-OM
VegBul,2019/2020,78,-41.30102598,174.743886,Vegeta,Bulma,2,2,2,1,BP19451,BP19452,,None,2,2,2017/2018,P,2018/2019,P,OR-PGM,RY-OM
VegBul,2020/2021,14,-41.301303,174.743781,Vegeta,Bulma,2,0,0,0,NA,,,E,1,1,2017/2018,P,2018/2019,P,OR-PGM,RY-OM
VegBul,2020/2021,32,-41.30142697,174.743929,Vegeta,Bulma,3,3,3,3,BP22719,BP22718,BP22717,None,2,2,2017/2018,P,2018/2019,P,OR-PGM,RY-OM
VinFri,2021/2022,15,-41.3019,174.74242,Vince,Frida,2,0,0,0,NA,,,E,1,1,2016/2017,A+,2020/2021,A,RY-RM,PM-WY
VinFri,2021/2022,38,-41.30206,174.74234,Vince,Frida,3,3,2,2,BP22799,BP22800,,None,2,2,2016/2017,A+,2020/2021,A,RY-RM,PM-WY
VinFri,2021/2022,103,-41.30192,174.7424,Vince,Frida,2,1,1,0,,,,None,3,3,2016/2017,A+,2020/2021,A,RY-RM,PM-WY
VinFri,2022/2023,11,-41.30198,174.74255,Vince,Frida,2,2,2,2,BP24507,BP24508,,None,1,1,2016/2017,A+,2020/2021,A,RY-RM,PM-WY
VinFri,2022/2023,58,-41.30197,174.74281,Vince,Frida,2,2,1,1,BP24560,,,None,2,2,2016/2017,A+,2020/2021,A,RY-RM,PM-WY
VinFri,2022/2023,100,-41.30178,174.74272,Vince,Frida,2,2,2,0,BP24562,BP24561,,None,3,3,2016/2017,A+,2020/2021,A,RY-RM,PM-WY
VinMon,2018/2019,24,-41.30147198,174.743069,Vince,Mona,2,1,1,0,BP17546,,,None,1,1,2016/2017,A+,2015/2016,A,RY-RM,PBM-RB
VinMon,2018/2019,76,-41.30147198,174.743069,Vince,Mona,2,0,0,0,,,,None,2,2,2016/2017,A+,2015/2016,A,RY-RM,PBM-RB
VinMon,2019/2020,23,-41.30173299,174.743275,Vince,Mona,2,1,1,1,BP19362,,,None,1,1,2016/2017,A+,2015/2016,A,RY-RM,PBM-RB
VinMon,2019/2020,75,-41.30166996,174.743347,Vince,Mona,2,2,2,2,BP19472,BP19471,,None,2,2,2016/2017,A+,2015/2016,A,RY-RM,PBM-RB
VinMon,2020/2021,24,-41.30175898,174.743315,Vince,Mona,2,0,0,0,NA,,,E,1,1,2016/2017,A+,2015/2016,A,RY-RM,PBM-RB
VinMon,2020/2021,42,-41.30189502,174.743093,Vince,Mona,2,2,2,2,BP22723,BP22724,,None,2,2,2016/2017,A+,2015/2016,A,RY-RM,PBM-RB
WinVio,2021/2022,31,0,0,Winston,Violet,2,0,0,0,NA,,,None,1,1,2020/2021,P,2020/2021,A,WW-PM,GM-PP
WinVio,2021/2022,46,-41.30151,174.74309,Winston,Violet,3,0,0,0,NA,,,E,2,2,2020/2021,P,2020/2021,A,WW-PM,GM-PP
WinVio,2021/2022,72,-41.30127,174.74303,Winston,Violet,2,0,0,0,NA,,,E,3,3,2020/2021,P,2020/2021,A,WW-PM,GM-PP
WinVio,2022/2023,9,-41.3012,174.74304,Winston,Violet,3,3,0,0,,,,C,1,1,2020/2021,P,2020/2021,A,WW-PM,GM-PP
WinVio,2022/2023,39,-41.30135,174.74329,Winston,Violet,3,0,0,0,,,,None,2,2,2020/2021,P,2020/2021,A,WW-PM,GM-PP
WinVio,2022/2023,66,-41.3013,174.74324,Winston,Violet,3,0,0,0,,,,E,3,3,2020/2021,P,2020/2021,A,WW-PM,GM-PP
WinVio,2022/2023,74,-41.30098,174.74318,Winston,Violet,3,3,2,1,BP24541,BP24542,,None,4,4,2020/2021,P,2020/2021,A,WW-PM,GM-PP
WooHil,2014/2015,10,-41.29820304,174.745491,Woodrow,Hillary,2,2,2,2,B100100,BP10101,,None,1,1,2007/2008,U,2005/2006,A,RM-OB,OM-RO
WooInn,2016/2017,11,-41.29805602,174.745002,Woodrow,Innamed,2,2,2,2,BP13833,BP13834,,None,1,1,2007/2008,U,2015/2016,A,RM-OB,PBM-GY
WooInn,2017/2018,22,-41.29813598,174.745434,Woodrow,Innamed,2,0,0,0,,,,None,1,1,2007/2008,U,2015/2016,A,RM-OB,PBM-GY
WooInn,2017/2018,48,-41.29814101,174.745477,Woodrow,Innamed,3,2,2,1,BP17406,BP17407,,None,2,2,2007/2008,U,2015/2016,A,RM-OB,PBM-GY
YM-YY-,2014/2015,36,-41.301605,174.742865,YM-BG,YY-YM,2,2,0,0,,,,C,1,1,2012/2013,A,2011/2012,A+,YM-BG,YY-YM
YM-YY-,2014/2015,69,-41.30146,174.743024,YM-BG,YY-YM,2,0,0,0,,,,None,2,2,2012/2013,A,2011/2012,A+,YM-BG,YY-YM